"0.0","0.008888888888888889","0.008888888888888889","0.008888888888888889","0.019525295508274233","0.019525295508274233","0.019525295508274233","0.030195472038955576","0.030195472038955576","0.030195472038955576","0.040710323666242006","-0.09133338119590095","-0.07880833293700559","-0.4371992067418473","-0.41895877481442617","-0.41895877481442617","-0.41895877481442617","-0.40101971438527306","-0.5876233431688245","-0.5668972363942018","-0.5668972363942018","-0.5668972363942018","-0.5465136110073299","-0.5465136110073299","-0.5465136110073299","-0.5264668081655726","-0.5264668081655726","-0.5264668081655726","-0.5067512621919428","-0.5067512621919428","-0.5067512621919428","-0.4873614993438045","-0.4873614993438045","-0.4873614993438045","-0.4682921363242474","-0.4682921363242474","-0.4495378787905678","-0.4495378787905678","-0.4310935198846729","-0.4310935198846729","-0.41295393878749964","-0.41295393878749964","-0.395114099297293","-0.5884254791707337","-0.5884254791707337","-0.5676861172930127","-0.5759415983014983","-0.5759415983014983","-0.5554085222521478","-0.3834309240733425","-0.3834309240733425","-0.3660789280358328","-0.1846555760911716","-0.1846555760911716","-0.17058817862902922","-0.02070469634666855","-0.02070469634666855","-0.00934645186302983","0.11187629800398081","0.11187629800398081","0.12104375097556554","0.2188997382805029","0.2188997382805029","0.22629871722836362","0.3052785868260142","0.3052785868260142","0.3112502265904471","0.37499414442464085","0.37981379213626687","0.37981379213626687","0.37981379213626687","0.38180789309575347","0.3538485715020889","0.35728292977157056","0.35728292977157056","0.35728292977157056","0.3591360088419975","0.3591360088419975","0.3591360088419975","0.36073979013566887","-0.21460782567363906","-0.20603472564436187","-0.5178833918223873","-0.5030100050054873","-0.5030100050054873","-0.5030100050054873","-0.49572028043484806","-0.6134827477966599","-0.6001011988663932","-0.6460290523906207","-0.6289722843814785","-0.6549837538813542","-0.6358496372878928","-0.6358496372878928","-0.6358496372878928","-0.627301921977998","-0.627301921977998","-0.627301921977998","-0.6203815442195252","-0.6203815442195252"
"0.0","0.008888888888888889","0.008888888888888889","0.008888888888888889","0.019525295508274233","0.019525295508274233","0.019525295508274233","0.030195472038955576","0.030195472038955576","0.030195472038955576","0.040710323666242006","0.040710323666242006","0.040710323666242006","0.05105350692348563","-0.08292092548000943","-0.07053463673102212","-0.07053463673102212","-0.07053463673102212","-0.0583529963375735","-0.0583529963375735","-0.0583529963375735","-0.046372645038197526","-0.046372645038197526","-0.046372645038197526","-0.03459025891305187","-0.41993891026077296","-0.40198364988580015","-0.40198364988580015","-0.40198364988580015","-0.3843250853662803","-0.3843250853662803","-0.3843250853662803","-0.3669583140513997","-0.57748836415906","-0.5569297290804697","-0.5569297290804697","-0.5367108084794303","-0.6292230852447618","-0.6292230852447618","-0.6078095765970843","-0.6078095765970843","-0.586749908507161","-0.5934153724131549","-0.5934153724131549","-0.5725935566677804","-0.3981975795134267","-0.3981975795134267","-0.38060157668174555","-0.38060157668174555","-0.36329633327481103","-0.18236180226653315","-0.18236180226653315","-0.1683323075237828","-0.01885266622094502","-0.01885266622094502","-0.007525025006646495","0.11337110638779271","0.11337110638779271","0.1225138588845059","0.22010618633070744","0.22010618633070744","0.2274852297202246","0.30625229863153397","0.30625229863153397","0.3122078486119887","0.37578001699237473","0.37578001699237473","0.3805866788084025","0.3805866788084025","0.3805866788084025","0.3825754069297853","0.3825754069297853","0.3825754069297853","0.3841215975566442","0.3561005771773559","0.3591715939591345","-0.2152978319913142","-0.2041384891250089","-0.2041384891250089","-0.2041384891250089","-0.19869743910700857","-0.19869743910700857","-0.19869743910700857","-0.1941332226719823","-0.1941332226719823","-0.1941332226719823","-0.18977945775855634","-0.18977945775855634","-0.18977945775855634","-0.18548688686083042","-0.5112464774599113","-0.4999551236046872","-0.614800269392387","-0.5988197393525663","-0.5988197393525663","-0.5988197393525663","-0.5909508026359467","-0.5909508026359467","-0.5909508026359467","-0.5843265009545666"
"0.0","0.008888888888888889","0.008888888888888889","0.008888888888888889","0.019525295508274233","0.019525295508274233","0.019525295508274233","0.030195472038955576","0.030195472038955576","0.030195472038955576","0.040710323666242006","0.040710323666242006","0.040710323666242006","0.05105350692348563","0.05105350692348563","0.05105350692348563","0.06122598367489299","0.06122598367489299","0.06122598367489299","0.07123038904663861","-0.0665103946865117","-0.05439524911479243","-0.05439524911479243","-0.05439524911479243","-0.04248029607866735","-0.04248029607866735","-0.04248029607866735","-0.03076222778362134","-0.03076222778362134","-0.03076222778362134","-0.019237790893770656","-0.019237790893770656","-0.019237790893770656","-0.007903785812124794","-0.007903785812124794","0.003242934189567323","0.003242934189567323","0.01420546384266353","-0.4008917522747488","-0.4008917522747488","-0.38325123046169773","-0.38325123046169773","-0.3659022037128187","-0.3696668745416288","-0.3696668745416288","-0.35254231806310915","-0.19427811515738874","-0.19427811515738874","-0.18005171317869456","-0.18005171317869456","-0.16606039075159557","-0.018577268273852494","-0.018577268273852494","-0.007254177783342718","0.11347739812912051","0.11347739812912051","0.12261839424253124","0.22018356174332424","0.22018356174332424","0.22756132656800612","0.30631413780230654","0.30631413780230654","0.31226866594150027","0.3758298825434718","0.3758298825434718","0.380635720372422","0.43193535636206826","0.43193535636206826","0.43581409754022343","0.43581409754022343","0.43581409754022343","0.43741890394262956","0.40797662205971497","0.4108167208508704","-0.19257397615895044","-0.18113602333690304","-0.18113602333690304","-0.18113602333690304","-0.17574411272517687","-0.17574411272517687","-0.17574411272517687","-0.17127906455745168","-0.17127906455745168","-0.17127906455745168","-0.16703624376291296","-0.16703624376291296","-0.16703624376291296","-0.162856695224052","-0.162856695224052","-0.162856695224052","-0.15870678992953038","-0.5025965551092311","-0.491395725223121","-0.491395725223121","-0.491395725223121","-0.4847241835993901","-0.6100617013804421","-0.5971481374348231","-0.6451135004569803","-0.6283368307421974"
"0.0","0.008888888888888889","-0.1172148148148148","-0.1045392844759653","-0.1045392844759653","-0.1045392844759653","-0.09182351013832092","-0.09182351013832092","-0.09182351013832092","-0.07929283830717274","-0.07929283830717274","-0.07929283830717274","-0.06696674568313501","-0.06696674568313501","-0.06696674568313501","-0.05484408600136776","-0.4278448869035224","-0.409758990838748","-0.409758990838748","-0.409758990838748","-0.3919719456279463","-0.3919719456279463","-0.3919719456279463","-0.3744788162979237","-0.3744788162979237","-0.3744788162979237","-0.3572747464571296","-0.3572747464571296","-0.3572747464571296","-0.34035495966832624","-0.34035495966832624","-0.34035495966832624","-0.3237147583918935","-0.3237147583918935","-0.3237147583918935","-0.30734952270829874","-0.30734952270829874","-0.2912547090380817","-0.2912547090380817","-0.27542584888065474","-0.27542584888065474","-0.25985854757371174","-0.545620799274401","-0.545620799274401","-0.5255887494051044","-0.5362042115990496","-0.5362042115990496","-0.5163277630695432","-0.3475723093431352","-0.3475723093431352","-0.3308128473197934","-0.1553912873053812","-0.1553912873053812","-0.14180745806349698","-0.14180745806349698","-0.12844809038904986","0.01390556303895383","0.01390556303895383","0.02469190155022165","0.13981190572388907","0.13981190572388907","0.14851774583326385","0.14851774583326385","0.15707972911979362","0.15707972911979362","0.1655002326987503","0.2553831420259289","0.2553831420259289","0.262179262836786","0.262179262836786","0.262179262836786","0.26499111794333796","0.26499111794333796","0.26499111794333796","0.2671772709740565","0.2671772709740565","0.2671772709740565","0.26921224493177015","0.26921224493177015","0.26921224493177015","0.27120732590042534","0.24619735276530288","0.2502301528797917","0.2502301528797917","0.2502301528797917","0.2526299957725886","-0.26217613519339433","-0.25278005673346926","-0.5329820483065253","-0.517638496563346","-0.517638496563346","-0.517638496563346","-0.5102114724582866","-0.5102114724582866","-0.5102114724582866","-0.5039979712228372","-0.6160580583662698","-0.6035213389407825","-0.6470894149773763","-0.6305577228886284"
"0.0","0.008888888888888889","0.008888888888888889","0.008888888888888889","0.019525295508274233","0.019525295508274233","0.019525295508274233","0.030195472038955576","0.030195472038955576","0.030195472038955576","0.040710323666242006","0.040710323666242006","0.040710323666242006","0.05105350692348563","-0.08292092548000943","-0.07053463673102212","-0.07053463673102212","-0.07053463673102212","-0.0583529963375735","-0.42921457190372414","-0.4111060392798417","-0.4111060392798417","-0.4111060392798417","-0.3932967348443788","-0.3932967348443788","-0.3932967348443788","-0.3757817144301743","-0.3757817144301743","-0.3757817144301743","-0.35855611526949327","-0.35855611526949327","-0.35855611526949327","-0.3416151549182338","-0.5699475002093084","-0.5495134716839846","-0.6329118574848427","-0.6329118574848427","-0.6114373949202558","-0.6114373949202558","-0.5903177801265942","-0.5903177801265942","-0.5695471495373006","-0.5776474109956208","-0.5776474109956208","-0.5570861477993134","-0.3848724643003405","-0.3848724643003405","-0.3674966480002882","-0.18582424390823493","-0.18582424390823493","-0.17173753517492146","-0.02164829766468688","-0.02164829766468688","-0.010274460948025609","0.11111469961443046","0.11111469961443046","0.12029473737085251","0.2182850582304962","0.2182850582304962","0.22569419425888554","0.3047824848834503","0.3047824848834503","0.31076232232304923","0.37459374575919346","0.37459374575919346","0.37942000972831547","0.37942000972831547","0.3841665236684815","0.35614430525954416","0.3612754310065306","-0.2143721436904599","-0.19981370447393365","-0.19981370447393365","-0.19981370447393365","-0.1937902356755246","-0.5139284439472608","-0.5009669604406453","-0.6151150666184617","-0.5980523739771257","-0.6453938452902854","-0.6261548737201674","-0.6261548737201674","-0.6261548737201674","-0.6176273026353348","-0.6176273026353348","-0.6176273026353348","-0.6107483562012394","-0.6107483562012394","-0.6107483562012394","-0.6042650557733904","-0.6473260505447884","-0.6346721425312575","-0.6567506341462458","-0.6402117102276692","-0.6584675278217587","-0.6396671877596531","-0.6582987668144901","-0.6381988818442379","-0.6578436975873634","-0.6369962718753652"
"0.0","0.008888888888888889","0.008888888888888889","0.008888888888888889","0.019525295508274233","0.019525295508274233","0.019525295508274233","0.030195472038955576","0.030195472038955576","0.030195472038955576","0.040710323666242006","0.040710323666242006","0.040710323666242006","0.05105350692348563","0.05105350692348563","0.05105350692348563","0.06122598367489299","0.06122598367489299","0.06122598367489299","0.07123038904663861","0.07123038904663861","0.07123038904663861","0.08106948189650934","-0.058507932501950174","-0.046525020767219684","-0.046525020767219684","-0.046525020767219684","-0.03474011673483705","-0.03474011673483705","-0.03474011673483705","-0.023149948513035663","-0.023149948513035663","-0.023149948513035663","-0.011751298255449913","-0.4110238401006331","-0.4110238401006331","-0.39321589389831335","-0.39321589389831335","-0.3757022093100187","-0.3793442134021019","-0.3793442134021019","-0.3620597468856569","-0.20231766426254785","-0.20231766426254785","-0.18795841536996089","-0.03659696443148082","-0.03659696443148082","-0.024976113333688876","0.09893031200631883","0.09893031200631883","0.10831168671214426","0.20844250212937598","0.20844250212937598","0.21601427827423797","0.2968380333836189","0.2968380333836189","0.30294914632766706","0.36818181706761083","0.36818181706761083","0.3731140328665725","0.42576268313623655","0.42576268313623655","0.42974342264511833","0.47223559750863986","0.47223559750863986","0.47544841046178765","0.5097433976926633","0.5097433976926633","0.512336425203098","0.512336425203098","0.512336425203098","0.5134092751199207","0.5134092751199207","0.5134092751199207","0.5142433913913115","0.4827524565097654","0.4845710827053303","0.4845710827053303","0.4845710827053303","0.4856290454537069","-0.15965655333370235","-0.15126974900551948","-0.5001944044868285","-0.4852465106325654","-0.6102242049534532","-0.5918748074377451","-0.6434785844257953","-0.6234645240123023","-0.6234645240123023","-0.6234645240123023","-0.61480889042408","-0.6505939831432003","-0.636367133777479","-0.636367133777479","-0.636367133777479","-0.6286018036657453","-0.6286018036657453","-0.6286018036657453","-0.6218557825444655","-0.6527784718510798"
"0.0","0.008888888888888889","0.008888888888888889","0.008888888888888889","0.019525295508274233","0.019525295508274233","0.019525295508274233","0.030195472038955576","0.030195472038955576","0.030195472038955576","0.040710323666242006","0.040710323666242006","0.040710323666242006","0.05105350692348563","0.05105350692348563","0.05105350692348563","0.06122598367489299","0.06122598367489299","0.06122598367489299","0.07123038904663861","0.07123038904663861","0.07123038904663861","0.08106948189650934","0.08106948189650934","0.08106948189650934","0.09074599205730695","0.09074599205730695","0.09074599205730695","0.10026260589356335","0.10026260589356335","0.10026260589356335","0.10962196554223369","0.10962196554223369","0.10962196554223369","0.11882666949721843","0.11882666949721843","0.12787927331604287","-0.0204359688140629","-0.0204359688140629","-0.00908216483111892","0.06361908876450491","0.06361908876450491","0.07358395229191668","0.17567658188154459","0.17567658188154459","0.18378978781666547","0.18378978781666547","0.19176892971956766","0.19176892971956766","0.19961622288774009","0.2830759820769123","0.2830759820769123","0.2894145015609314","0.2894145015609314","0.2956482822416809","0.36216858458933776","0.36216858458933776","0.36720016409225964","0.42090788776152","0.42090788776152","0.42496884875728813","0.46831722884199395","0.46831722884199395","0.4715947896035138","0.5065809153001999","0.5065809153001999","0.5092262002221615","0.5374631415135243","0.5395981231345274","0.5074310620731621","0.5100622990213298","0.5100622990213298","0.5100622990213298","0.5111509578688056","0.5111509578688056","0.5111509578688056","0.5119973652221865","-0.14805449263557127","-0.1399981644099057","-0.4965537032686328","-0.4818356789525403","-0.4818356789525403","-0.4818356789525403","-0.4746594941691331","-0.4746594941691331","-0.4746594941691331","-0.4686397626061341","-0.6050576029608574","-0.5926331546683616","-0.5926331546683616","-0.5926331546683616","-0.58534051923039","-0.6414527274154227","-0.6281935774918395","-0.6547424032045307","-0.6378254676290966","-0.6577279412030814","-0.6387022013077959","-0.6387022013077959","-0.6387022013077959"
"0.0","0.008888888888888889","0.008888888888888889","0.008888888888888889","0.019525295508274233","0.019525295508274233","0.019525295508274233","0.030195472038955576","0.030195472038955576","0.030195472038955576","0.040710323666242006","-0.09133338119590095","-0.07880833293700559","-0.07880833293700559","-0.07880833293700559","-0.06649000123437053","-0.06649000123437053","-0.06649000123437053","-0.054375195089472084","-0.054375195089472084","-0.054375195089472084","-0.04246057367134357","-0.04246057367134357","-0.04246057367134357","-0.030742831296741192","-0.030742831296741192","-0.030742831296741192","-0.019218714920198575","-0.019218714920198575","-0.019218714920198575","-0.00788502505350722","-0.00788502505350722","-0.00788502505350722","0.0032613849421088297","0.0032613849421088297","0.014223609711744462","0.014223609711744462","0.025004692764229272","-0.3966763291232963","-0.3966763291232963","-0.37910546369881853","-0.38270486923256575","-0.38270486923256575","-0.3653648706520841","-0.20510956376757683","-0.20510956376757683","-0.19070418103983436","-0.03885643139041698","-0.03885643139041698","-0.02719824446587514","0.09710627123694356","0.09710627123694356","0.10651778671109524","0.20697030548252043","0.20697030548252043","0.21456640846196232","0.2956498366101461","0.2956498366101461","0.30178058352525267","0.36722283579005066","0.36722283579005066","0.37217089796317315","0.42498869943084694","0.42498869943084694","0.42898222838168865","0.47161092340759586","0.47161092340759586","0.47483405858471756","0.47483405858471756","0.47483405858471756","0.4761676118512249","0.4456920310907478","0.448118061038397","0.448118061038397","0.448118061038397","0.4494270756977488","0.4494270756977488","0.4494270756977488","0.4505599864608748","-0.17508693929054853","-0.16689830121399185","-0.16689830121399185","-0.16689830121399185","-0.16207661905020848","-0.16207661905020848","-0.16207661905020848","-0.15779289429830873","-0.5023013684910881","-0.49096738997054057","-0.6120040541171751","-0.5959738052483563","-0.644749416563377","-0.6261134472316285","-0.6261134472316285","-0.6261134472316285","-0.6176913237125179","-0.6514873580886635","-0.6374381767615825","-0.6576079085118347","-0.6402364708724003"
"0.0","0.008888888888888889","0.008888888888888889","0.008888888888888889","0.019525295508274233","-0.10856387076438137","-0.09578173836638999","-0.09578173836638999","-0.09578173836638999","-0.08318567444385355","-0.08318567444385355","-0.08318567444385355","-0.07079525733776154","-0.07079525733776154","-0.07079525733776154","-0.05860933480141945","-0.05860933480141945","-0.05860933480141945","-0.04662475013619619","-0.04662475013619619","-0.04662475013619619","-0.03483819842155954","-0.03483819842155954","-0.03483819842155954","-0.023246409506898914","-0.023246409506898914","-0.023246409506898914","-0.011846165313580168","-0.4110608709660826","-0.393252312859679","-0.393252312859679","-0.393252312859679","-0.3757380264781446","-0.3757380264781446","-0.3757380264781446","-0.35851314922442246","-0.35851314922442246","-0.3415728988515588","-0.3415728988515588","-0.3249125721352544","-0.3249125721352544","-0.30852754356810685","-0.560102272378693","-0.560102272378693","-0.5398309281179619","-0.5493747320919644","-0.5493747320919644","-0.5292806515809924","-0.35867745409276075","-0.35867745409276075","-0.34173448871754886","-0.16439219615169276","-0.16439219615169276","-0.150659634319607","-0.004329329221220775","-0.004329329221220775","0.0067583258353216494","0.1250942092356026","0.1250942092356026","0.13404324713287635","0.22956788581319199","0.22956788581319199","0.23679058242753706","0.31388874439755593","0.31388874439755593","0.31971810841411435","0.38194331253388897","0.38194331253388897","0.38664813097768413","0.35855973637383476","0.3636509491151219","0.3636509491151219","0.3636509491151219","0.36575740851211513","0.36575740851211513","0.36575740851211513","0.3673951325129329","0.3673951325129329","0.3673951325129329","0.3689196029615965","0.3689196029615965","0.3689196029615965","0.37041418817133703","0.37041418817133703","0.37041418817133703","0.37189666416706413","-0.20969880109982514","-0.20130293470936444","-0.5163550320008236","-0.5016061326177007","-0.5016061326177007","-0.5016061326177007","-0.49434232683678125","-0.613054046295671","-0.5996905764846816","-0.5996905764846816","-0.5996905764846816","-0.59221925671178","-0.59221925671178","-0.59221925671178"
"0.0","0.008888888888888889","0.008888888888888889","0.008888888888888889","0.019525295508274233","0.019525295508274233","0.019525295508274233","0.030195472038955576","0.030195472038955576","0.030195472038955576","0.040710323666242006","0.040710323666242006","0.040710323666242006","0.05105350692348563","0.05105350692348563","0.05105350692348563","0.06122598367489299","0.06122598367489299","0.06122598367489299","0.07123038904663861","0.07123038904663861","0.07123038904663861","0.08106948189650934","-0.058507932501950174","-0.046525020767219684","-0.046525020767219684","-0.046525020767219684","-0.03474011673483705","-0.03474011673483705","-0.03474011673483705","-0.023149948513035663","-0.023149948513035663","-0.023149948513035663","-0.011751298255449913","-0.011751298255449913","-0.0005410012859982706","-0.0005410012859982706","0.010484054777935556","-0.4023443850544979","-0.4023443850544979","-0.3846798596836247","-0.38820949046490905","-0.38820949046490905","-0.37077853256154747","-0.20968258465077466","-0.20968258465077466","-0.1952016365270686","-0.04255734883730167","-0.04255734883730167","-0.030838007306331065","0.09411856465397658","0.09411856465397658","0.1035794495136464","0.2045589056459156","0.2045589056459156","0.21219485501752006","0.29370361732515693","0.29370361732515693","0.2998665239077259","0.36565206241479886","0.36565206241479886","0.3706260803215823","0.4237209447564305","0.4237209447564305","0.42773542230698425","0.4705877319552812","0.4705877319552812","0.47382777452670866","0.44341458942821865","0.4471036457538097","-0.17660772920165715","-0.16267331576744584","-0.5038777357034594","-0.48453545550896615","-0.48453545550896615","-0.48453545550896615","-0.47653270057701175","-0.607513211306505","-0.5935242820585918","-0.6439899790288544","-0.6265429122443158","-0.6265429122443158","-0.6265429122443158","-0.6183182739718345","-0.6516816736539089","-0.6377789450241551","-0.6577135224962558","-0.6404309216394877","-0.6404309216394877","-0.6404309216394877","-0.632176592641546","-0.6559772177403301","-0.6420722266416243","-0.6420722266416243","-0.6420722266416243","-0.6343356166686697","-0.6566463625922545","-0.6431191669295564","-0.6593686326478152","-0.6423234838052101"
"0.0","0.008888888888888889","0.008888888888888889","0.008888888888888889","0.019525295508274233","0.019525295508274233","0.019525295508274233","0.030195472038955576","0.030195472038955576","0.030195472038955576","0.040710323666242006","0.040710323666242006","0.040710323666242006","0.05105350692348563","0.05105350692348563","0.05105350692348563","0.06122598367489299","0.06122598367489299","0.06122598367489299","0.07123038904663861","0.07123038904663861","0.07123038904663861","0.08106948189650934","0.08106948189650934","0.08106948189650934","0.09074599205730695","0.09074599205730695","0.09074599205730695","0.10026260589356335","0.10026260589356335","0.10026260589356335","0.10962196554223369","0.10962196554223369","0.10962196554223369","0.11882666949721843","0.11882666949721843","0.12787927331604287","-0.0204359688140629","-0.0204359688140629","-0.00908216483111892","0.06361908876450491","0.06361908876450491","0.07358395229191668","0.17567658188154459","0.17567658188154459","0.18378978781666547","0.27007765792500893","0.27007765792500893","0.27663096398807263","0.34656090265882505","0.34656090265882505","0.3518503862245704","0.40831101087278926","0.40831101087278926","0.4125801248628941","0.4581504162448712","0.4581504162448712","0.4615959751938501","0.4615959751938501","0.4649845991248297","0.4649845991248297","0.46831722884199395","0.5038911848015936","0.5038911848015936","0.5065809153001999","0.5352922883353652","0.5352922883353652","0.5374631415135243","0.5053530132953858","0.5080185882845849","0.5080185882845849","0.5080185882845849","0.5091214542950452","0.5091214542950452","0.5091214542950452","0.509978907392691","-0.14894261408054926","-0.14087750371171323","-0.4968377282555493","-0.4821161102208701","-0.6092502916394832","-0.5910322427353802","-0.6432173600116262","-0.6232771857257711","-0.6232771857257711","-0.6232771857257711","-0.6146357079257303","-0.6505403073458664","-0.6363236929596587","-0.6363236929596587","-0.6363236929596587","-0.6285602274731967","-0.6548563741090819","-0.641303232873543","-0.658805821545527","-0.6417411120714072","-0.6417411120714072","-0.6417411120714072","-0.6335172673023596","-0.6335172673023596"
"0.0","0.008888888888888889","0.008888888888888889","0.008888888888888889","0.019525295508274233","0.019525295508274233","0.019525295508274233","0.030195472038955576","0.030195472038955576","0.030195472038955576","0.040710323666242006","0.040710323666242006","0.040710323666242006","0.05105350692348563","0.05105350692348563","0.05105350692348563","0.06122598367489299","0.06122598367489299","0.06122598367489299","0.07123038904663861","0.07123038904663861","0.07123038904663861","0.08106948189650934","0.08106948189650934","0.08106948189650934","0.09074599205730695","0.09074599205730695","0.09074599205730695","0.10026260589356335","0.10026260589356335","0.10026260589356335","0.10962196554223369","0.10962196554223369","0.10962196554223369","0.11882666949721843","0.11882666949721843","0.12787927331604287","-0.0204359688140629","-0.0204359688140629","-0.00908216483111892","0.06361908876450491","0.06361908876450491","0.07358395229191668","0.17567658188154459","0.17567658188154459","0.18378978781666547","0.27007765792500893","0.27007765792500893","0.27663096398807263","0.27663096398807263","0.28307598207691226","0.3518503862245704","0.3518503862245704","0.3570524654398224","0.4125801248628941","0.4125801248628941","0.41677869526762823","0.4615959751938501","0.4615959751938501","0.4649845991248297","0.5011562619601748","0.5011562619601748","0.5038911848015936","0.5330849608929358","0.5330849608929358","0.5352922883353652","0.5588542782351991","0.5588542782351991","0.5606357889760617","0.5606357889760617","0.5606357889760617","0.5613728785913712","0.5613728785913712","0.5613728785913712","0.561945948908069","0.5291829458260761","0.5305424465192042","-0.13989465686488356","-0.1296893772128281","-0.4932239838500228","-0.47666260463410787","-0.6075536263570117","-0.5881563559086518","-0.5881563559086518","-0.5881563559086518","-0.5797501564663634","-0.5797501564663634","-0.5797501564663634","-0.5730432479359098","-0.5730432479359098","-0.5730432479359098","-0.5667447219797406","-0.5667447219797406","-0.5667447219797406","-0.560556872578148","-0.6337689334473935","-0.6212987458445773","-0.6526054344595613","-0.6361507997105779","-0.6572089129634159"
"0.0","0.008888888888888889","0.008888888888888889","0.008888888888888889","0.019525295508274233","0.019525295508274233","0.019525295508274233","0.030195472038955576","0.030195472038955576","0.030195472038955576","0.040710323666242006","0.040710323666242006","0.040710323666242006","0.05105350692348563","-0.08292092548000943","-0.07053463673102212","-0.07053463673102212","-0.07053463673102212","-0.0583529963375735","-0.0583529963375735","-0.0583529963375735","-0.046372645038197526","-0.046372645038197526","-0.046372645038197526","-0.03459025891305187","-0.03459025891305187","-0.03459025891305187","-0.02300256697046066","-0.02300256697046066","-0.02300256697046066","-0.01160635207146741","-0.01160635207146741","-0.01160635207146741","-0.00039845021810481585","-0.40659231459088324","-0.40659231459088324","-0.3888575956902576","-0.3888575956902576","-0.37141592838293114","-0.37511158388253707","-0.37511158388253707","-0.35789705807569794","-0.19880136361863054","-0.19880136361863054","-0.1845002186921682","-0.033751244122312785","-0.033751244122312785","-0.02217741620404622","-0.02217741620404622","-0.010794836240205545","0.11057104157697722","0.11057104157697722","0.11976006283378517","0.21783782011162958","0.21783782011162958","0.2252543463808259","0.304420910668463","0.304420910668463","0.3104067228235561","0.37430187858313585","0.37430187858313585","0.37913296541646313","0.43070212043270806","0.43070212043270806","0.43460123981680177","0.43460123981680177","0.43843592947103105","0.47936910356375684","0.4824640412166531","0.4824640412166531","0.4824640412166531","0.4837445535097621","0.4837445535097621","0.4837445535097621","0.484740122528923","0.484740122528923","0.484740122528923","0.4856668449489144","0.4856668449489144","0.4856668449489144","0.48657540019422485","0.48657540019422485","0.48657540019422485","0.4874765942734828","0.45669944064841217","0.45871099500657025","-0.17150049553044244","-0.16105094658691343","-0.16105094658691343","-0.16105094658691343","-0.15590456297873292","-0.15590456297873292","-0.15590456297873292","-0.15157190388220404","-0.15157190388220404","-0.15157190388220404","-0.14743464707314508","-0.4989556735738268","-0.48774610923408496","-0.6110018666060987"
"0.0","0.008888888888888889","0.008888888888888889","0.008888888888888889","0.019525295508274233","0.019525295508274233","0.019525295508274233","0.030195472038955576","0.030195472038955576","0.030195472038955576","0.040710323666242006","0.040710323666242006","0.040710323666242006","0.05105350692348563","0.05105350692348563","0.05105350692348563","0.06122598367489299","0.06122598367489299","0.06122598367489299","0.07123038904663861","0.07123038904663861","0.07123038904663861","0.08106948189650934","0.08106948189650934","0.08106948189650934","0.09074599205730695","0.09074599205730695","0.09074599205730695","0.10026260589356335","0.10026260589356335","0.10026260589356335","0.10962196554223369","-0.03528524580342771","-0.02368606977342494","-0.02368606977342494","-0.012278560554450375","-0.012278560554450375","-0.001059551010656944","-0.4068503718657691","-0.4068503718657691","-0.3891113887816475","-0.3925855500830654","-0.3925855500830654","-0.3750822814060922","-0.21331804132894994","-0.21331804132894994","-0.19877702028399302","-0.04549950138619707","-0.04549950138619707","-0.03373154321252547","-0.03373154321252547","-0.02215804083553391","0.10124353243387864","0.10124353243387864","0.11058668308124811","0.2103095192564425","0.2103095192564425","0.21785044448413593","0.2983448862426694","0.2983448862426694","0.3044310996868331","0.369397982362896","0.369397982362896","0.3743101020340589","0.42674423735803113","0.42674423735803113","0.43070875749347814","0.4730277995884199","0.4762275220560067","0.4762275220560067","0.4762275220560067","0.4775513884513274","0.4470389069815142","0.44945014988702964","0.44945014988702964","0.44945014988702964","0.4507511858918144","-0.17500281154093505","-0.16635193821439925","-0.16635193821439925","-0.16635193821439925","-0.16145970031104787","-0.5034857401297184","-0.4915565303767807","-0.6121873443069192","-0.5957700163127493","-0.6446862348929739","-0.6258207884004736","-0.6540069862449785","-0.6338199288144903","-0.6338199288144903","-0.6338199288144903","-0.6250925712719003","-0.6537816467114759","-0.6395186957848416","-0.6395186957848416","-0.6395186957848416","-0.6317343057595215","-0.6317343057595215","-0.6317343057595215"
"0.0","0.008888888888888889","0.008888888888888889","0.008888888888888889","0.019525295508274233","0.019525295508274233","0.019525295508274233","0.030195472038955576","0.030195472038955576","0.030195472038955576","0.040710323666242006","0.040710323666242006","0.040710323666242006","0.05105350692348563","0.05105350692348563","0.05105350692348563","0.06122598367489299","0.06122598367489299","0.06122598367489299","0.07123038904663861","-0.0665103946865117","-0.05439524911479243","-0.05439524911479243","-0.05439524911479243","-0.04248029607866735","-0.04248029607866735","-0.04248029607866735","-0.03076222778362134","-0.03076222778362134","-0.03076222778362134","-0.019237790893770656","-0.019237790893770656","-0.019237790893770656","-0.007903785812124794","-0.007903785812124794","0.003242934189567323","0.003242934189567323","0.01420546384266353","-0.4008917522747488","-0.4008917522747488","-0.38325123046169773","-0.38679874340467146","-0.38679874340467146","-0.36939109693218547","-0.2085105919749716","-0.2085105919749716","-0.19404901006298325","-0.041608862431425565","-0.041608862431425565","-0.02990519385552269","0.09488426643451106","0.09488426643451106","0.10433249870419406","0.10433249870419406","0.11362460673328198","0.11362460673328198","0.12276317034600073","0.12276317034600073","0.13175072673711002","0.22767817642007696","0.22767817642007696","0.23493209892255906","0.31236297441415434","0.31236297441415434","0.3182175505204648","0.38071183576139594","0.38071183576139594","0.38543700334251413","0.38543700334251413","0.38543700334251413","0.38739201370240284","0.38739201370240284","0.38739201370240284","0.3889119895409153","0.3889119895409153","0.3889119895409153","0.39032685446769044","0.39032685446769044","0.39032685446769044","0.39171398282770065","0.36349049884118423","0.3663983183749629","0.3663983183749629","0.3663983183749629","0.3681287066519825","-0.211356702406461","-0.2024747081131987","-0.5167335126680803","-0.5015977803008631","-0.6153113238954182","-0.5969040250949819","-0.5969040250949819","-0.5969040250949819","-0.5886388714646621","-0.5886388714646621","-0.5886388714646621","-0.5819316540597952","-0.640395860441681","-0.6275628554096848","-0.6275628554096848"
"0.0","0.008888888888888889","0.008888888888888889","0.008888888888888889","0.019525295508274233","0.019525295508274233","0.019525295508274233","0.030195472038955576","0.030195472038955576","0.030195472038955576","0.040710323666242006","0.040710323666242006","0.040710323666242006","0.05105350692348563","0.05105350692348563","0.05105350692348563","0.06122598367489299","0.06122598367489299","0.06122598367489299","0.07123038904663861","0.07123038904663861","0.07123038904663861","0.08106948189650934","0.08106948189650934","0.08106948189650934","0.09074599205730695","-0.05063770423783476","-0.03878484150532879","-0.03878484150532879","-0.03878484150532879","-0.027127837544823057","-0.027127837544823057","-0.027127837544823057","-0.015663455953953867","-0.015663455953953867","-0.004388513807252842","-0.004388513807252842","0.006700119225728241","-0.4038214247252215","-0.4038214247252215","-0.386132492492796","-0.386132492492796","-0.36873585526676933","-0.37246505725980206","-0.37246505725980206","-0.35529426312121526","-0.19660273432101505","-0.19660273432101505","-0.18233791992915885","-0.03197190706381087","-0.03197190706381087","-0.020427481221942517","0.10266406574233347","0.10266406574233347","0.11198374324915218","0.21145604208014568","0.21145604208014568","0.218978021964407","0.29927023458030266","0.29927023458030266","0.3053411574068804","0.37014482139732474","0.37014482139732474","0.3750446001698127","0.4273470032896741","0.4273470032896741","0.43130156321556573","0.4735142856266492","0.47670596931395304","0.4462160323544698","0.4498587971477459","0.4498587971477459","0.4498587971477459","0.4513659697055935","0.4513659697055935","0.4513659697055935","0.45253776189626393","-0.17421671809897724","-0.16590168605416994","-0.16590168605416994","-0.16590168605416994","-0.16106452150852713","-0.16106452150852713","-0.16106452150852713","-0.15678131985530852","-0.5019746317953124","-0.49063915685134485","-0.6119019359971811","-0.5958698925102653","-0.5958698925102653","-0.5958698925102653","-0.5880050113694174","-0.6422788128141131","-0.6285989317944642","-0.654868037813128","-0.6376980517753683","-0.6376980517753683","-0.6376980517753683","-0.629473621571077","-0.629473621571077"
"0.0","0.008888888888888889","0.008888888888888889","0.008888888888888889","0.019525295508274233","0.019525295508274233","0.019525295508274233","0.030195472038955576","0.030195472038955576","0.030195472038955576","0.040710323666242006","0.040710323666242006","0.040710323666242006","0.05105350692348563","0.05105350692348563","0.05105350692348563","0.06122598367489299","0.06122598367489299","0.06122598367489299","0.07123038904663861","0.07123038904663861","0.07123038904663861","0.08106948189650934","0.08106948189650934","0.08106948189650934","0.09074599205730695","0.09074599205730695","0.09074599205730695","0.10026260589356335","0.10026260589356335","0.10026260589356335","0.10962196554223369","0.10962196554223369","0.10962196554223369","0.11882666949721843","0.11882666949721843","0.12787927331604287","-0.0204359688140629","-0.0204359688140629","-0.00908216483111892","0.06361908876450491","0.06361908876450491","0.07358395229191668","0.17567658188154459","0.17567658188154459","0.18378978781666547","0.27007765792500893","0.27007765792500893","0.27663096398807263","0.34656090265882505","0.34656090265882505","0.3518503862245704","0.3518503862245704","0.3570524654398224","0.4125801248628941","0.4125801248628941","0.41677869526762823","0.4615959751938501","0.4615959751938501","0.4649845991248297","0.5011562619601748","0.5011562619601748","0.5038911848015936","0.5038911848015936","0.5065809153001999","0.5065809153001999","0.5092262002221615","0.5374631415135243","0.5395981231345274","0.5074310620731621","0.5100622990213298","-0.14890592176394826","-0.1354292578352398","-0.1354292578352398","-0.1354292578352398","-0.12985336721441892","-0.4932769523207377","-0.4805421968140078","-0.4805421968140078","-0.4805421968140078","-0.47367089596394046","-0.47367089596394046","-0.47367089596394046","-0.4677240025245861","-0.4677240025245861","-0.4677240025245861","-0.4620007716572955","-0.4620007716572955","-0.4620007716572955","-0.456346785488937","-0.456346785488937","-0.456346785488937","-0.45072950993681987","-0.5994854616251851","-0.5873571956168298","-0.642077967359771","-0.6257628347839577","-0.6257628347839577","-0.6257628347839577","-0.617727268032141"
"0.0","0.008888888888888889","0.008888888888888889","0.008888888888888889","0.019525295508274233","0.019525295508274233","0.019525295508274233","0.030195472038955576","0.030195472038955576","0.030195472038955576","0.040710323666242006","0.040710323666242006","0.040710323666242006","0.05105350692348563","0.05105350692348563","0.05105350692348563","0.06122598367489299","-0.07464731105553146","-0.062397712128307005","-0.062397712128307005","-0.062397712128307005","-0.05035052524011633","-0.05035052524011633","-0.05035052524011633","-0.038502407927742704","-0.038502407927742704","-0.038502407927742704","-0.026850070951409722","-0.026850070951409722","-0.026850070951409722","-0.015390279224492182","-0.015390279224492182","-0.015390279224492182","-0.004119851097815229","-0.004119851097815229","0.006964342505618411","0.006964342505618411","0.017865378957584076","-0.3994631233402351","-0.3994631233402351","-0.38184620844127404","-0.38541130805443546","-0.38541130805443546","-0.3680265878060565","-0.20735796574277301","-0.20735796574277301","-0.19291543002800499","-0.040676049168281714","-0.040676049168281714","-0.028987794561698012","0.09563731547355943","0.09563731547355943","0.10507310422936635","0.20578470054125925","0.20578470054125925","0.21340039466387128","0.2946929454442623","0.2946929454442623","0.3008395041961592","0.3664505388664836","0.3664505388664836","0.3714113626088885","0.4243653867045712","0.4243653867045712","0.42836921538379225","0.47110785426771057","0.47110785426771057","0.47433930224718407","0.4439124764094814","0.4475933055636151","-0.1763922788853427","-0.16246142558979654","-0.5038092955634466","-0.48446814628578305","-0.6099820444305953","-0.588886478102669","-0.6425520982132723","-0.6209183386267745","-0.6524875318948006","-0.630689597466466","-0.6555163277315175","-0.6336683449516577","-0.6564395539509764","-0.6345763156197821","-0.6567209619845009","-0.6348530736177997","-0.656806737293077","-0.6349374315601923","-0.6349374315601923","-0.6349374315601923","-0.6258891346400552","-0.6258891346400552","-0.6258891346400552","-0.6188542907433312","-0.6518482634702442","-0.6388101964870312","-0.6580331612465425","-0.6412719655327548","-0.6587961328745171","-0.6398706487782265"
"0.0","0.008888888888888889","0.008888888888888889","0.008888888888888889","0.019525295508274233","0.019525295508274233","0.019525295508274233","0.030195472038955576","0.030195472038955576","0.030195472038955576","0.040710323666242006","0.040710323666242006","0.040710323666242006","0.05105350692348563","0.05105350692348563","0.05105350692348563","0.06122598367489299","0.06122598367489299","0.06122598367489299","0.07123038904663861","0.07123038904663861","0.07123038904663861","0.08106948189650934","0.08106948189650934","0.08106948189650934","0.09074599205730695","0.09074599205730695","0.09074599205730695","0.10026260589356335","0.10026260589356335","0.10026260589356335","0.10962196554223369","0.10962196554223369","0.10962196554223369","0.11882666949721843","0.11882666949721843","0.12787927331604287","-0.0204359688140629","-0.0204359688140629","-0.00908216483111892","0.06361908876450491","0.06361908876450491","0.07358395229191668","0.07358395229191668","0.08338415467357714","0.18378978781666544","0.18378978781666544","0.19176892971956763","0.27663096398807263","0.27663096398807263","0.2830759820769122","0.3518503862245704","0.3518503862245704","0.3570524654398224","0.4125801248628941","0.4125801248628941","0.41677869526762823","0.41677869526762823","0.42090788776152","0.4649845991248297","0.4649845991248297","0.46831722884199395","0.5038911848015936","0.5038911848015936","0.5065809153001999","0.5352922883353652","0.5352922883353652","0.5374631415135243","0.5053530132953858","0.5080185882845849","0.5080185882845849","0.5080185882845849","0.5091214542950452","0.5091214542950452","0.5091214542950452","0.509978907392691","-0.14894261408054926","-0.14087750371171323","-0.14087750371171323","-0.14087750371171323","-0.13618572793471034","-0.13618572793471034","-0.13618572793471034","-0.1320312648034754","-0.1320312648034754","-0.1320312648034754","-0.1280085047376675","-0.1280085047376675","-0.1280085047376675","-0.12402905231353889","-0.4913957092554956","-0.4802982235718839","-0.6086847205374217","-0.592782829441912","-0.6437601028841704","-0.6251902271725871","-0.6251902271725871","-0.6251902271725871","-0.6167832152919659","-0.6167832152919659"
"0.0","0.008888888888888889","0.008888888888888889","0.008888888888888889","0.019525295508274233","0.019525295508274233","0.019525295508274233","0.030195472038955576","0.030195472038955576","0.030195472038955576","0.040710323666242006","0.040710323666242006","0.040710323666242006","0.05105350692348563","0.05105350692348563","0.05105350692348563","0.06122598367489299","0.06122598367489299","0.06122598367489299","0.07123038904663861","0.07123038904663861","0.07123038904663861","0.08106948189650934","0.08106948189650934","0.08106948189650934","0.09074599205730695","-0.05063770423783476","-0.03878484150532879","-0.03878484150532879","-0.03878484150532879","-0.027127837544823057","-0.027127837544823057","-0.027127837544823057","-0.015663455953953867","-0.015663455953953867","-0.004388513807252842","-0.004388513807252842","0.006700119225728241","-0.4038214247252215","-0.4038214247252215","-0.386132492492796","-0.38964394065932606","-0.38964394065932606","-0.37218927965035886","-0.21087426894985653","-0.21087426894985653","-0.19637362922660964","-0.043521771551804256","-0.043521771551804256","-0.031786493731418175","0.09333999768126344","0.09333999768126344","0.1028137477176031","0.20393051854743352","0.20393051854743352","0.21157685149723018","0.2931964517066894","0.2931964517066894","0.29936773878253786","0.3652427343105733","0.3652427343105733","0.3702235160264591","0.42339058034761257","0.42339058034761257","0.42741051689737103","0.47032109831860613","0.47032109831860613","0.47356554679082596","0.47356554679082596","0.47356554679082596","0.47490791830811585","0.47490791830811585","0.47490791830811585","0.47595158145919203","0.47595158145919203","0.47595158145919203","0.47692307215688","0.47692307215688","0.47692307215688","0.4778755180566597","0.4473543931307043","0.4494578583125466","-0.1755718756758129","-0.1650660582749256","-0.1650660582749256","-0.1650660582749256","-0.15989381399489988","-0.5029799617122832","-0.49076502803767885","-0.49076502803767885","-0.49076502803767885","-0.4839362042036873","-0.4839362042036873","-0.4839362042036873","-0.47795905161156216","-0.47795905161156216","-0.47795905161156216","-0.47218908999822606","-0.47218908999822606","-0.47218908999822606"
"0.0","0.008888888888888889","0.008888888888888889","0.008888888888888889","0.019525295508274233","0.019525295508274233","0.019525295508274233","0.030195472038955576","0.030195472038955576","0.030195472038955576","0.040710323666242006","0.040710323666242006","0.040710323666242006","0.05105350692348563","0.05105350692348563","0.05105350692348563","0.06122598367489299","0.06122598367489299","0.06122598367489299","0.07123038904663861","0.07123038904663861","0.07123038904663861","0.08106948189650934","-0.058507932501950174","-0.046525020767219684","-0.046525020767219684","-0.046525020767219684","-0.03474011673483705","-0.03474011673483705","-0.03474011673483705","-0.023149948513035663","-0.023149948513035663","-0.023149948513035663","-0.011751298255449913","-0.011751298255449913","-0.0005410012859982706","-0.0005410012859982706","0.010484054777935556","-0.4023443850544979","-0.4023443850544979","-0.3846798596836247","-0.3846798596836247","-0.3673072260159063","-0.37105431017099066","-0.37105431017099066","-0.3539068274637516","-0.195430741621474","-0.195430741621474","-0.18118529344172776","-0.03102342063872378","-0.03102342063872378","-0.019494667752240603","0.10342976753837675","0.10342976753837675","0.1127367924549524","0.21207404560043552","0.21207404560043552","0.21958581348656464","0.29976901970549064","0.29976901970549064","0.30583170051952385","0.370547385692448","0.370547385692448","0.3754405124221969","0.42767190869928734","0.42767190869928734","0.4316210998314307","0.4737765133625319","0.4769638639529178","0.4464670498030622","0.45010566674016594","-0.17528683996766037","-0.16137425313790602","-0.5034581408490041","-0.4841227941131875","-0.6098746003229205","-0.5887808094201995","-0.5887808094201995","-0.5887808094201995","-0.5800533772104011","-0.6398135291759002","-0.6254699821309464","-0.6254699821309464","-0.6254699821309464","-0.617730624516198","-0.617730624516198","-0.617730624516198","-0.6110324554171817","-0.6110324554171817","-0.6110324554171817","-0.6045862043563951","-0.6474255866204293","-0.6347984100649622","-0.6347984100649622","-0.6347984100649622","-0.6272946621412345","-0.6544641386460589","-0.641097066107065","-0.641097066107065","-0.641097066107065"
"0.0","0.0","0.0","0.0","0.0","0.0","0.0","0.0","0.0","0.0"
"0.0","0.008888888888888889","0.008888888888888889","0.019525295508274233","-0.10856387076438137","-0.10856387076438137","-0.09578173836638999","-0.013752806514557698","-0.013752806514557698","-0.002511905331273455"
"0.0","0.008888888888888889","0.008888888888888889","0.019525295508274233","-0.10856387076438137","-0.10856387076438137","-0.09578173836638999","-0.013752806514557698","-0.013752806514557698","-0.002511905331273455"
"0.0","0.008888888888888889","0.008888888888888889","0.019525295508274233","-0.10856387076438137","-0.10856387076438137","-0.09578173836638999","-0.013752806514557698","-0.013752806514557698","-0.002511905331273455"
"0.0","0.008888888888888889","0.008888888888888889","0.019525295508274233","-0.10856387076438137","-0.10856387076438137","-0.09578173836638999","-0.013752806514557698","-0.013752806514557698","-0.002511905331273455"
"0.0","0.008888888888888889","0.008888888888888889","0.008888888888888889","0.019525295508274233","0.019525295508274233","0.019525295508274233","0.030195472038955576","0.030195472038955576","0.030195472038955576","0.040710323666242006","0.040710323666242006","0.040710323666242006","0.05105350692348563","0.05105350692348563","0.05105350692348563","0.06122598367489299","0.06122598367489299","0.06122598367489299","0.07123038904663861","0.07123038904663861","0.07123038904663861","0.08106948189650934","0.08106948189650934","0.08106948189650934","0.09074599205730695","0.09074599205730695","0.09074599205730695","0.10026260589356335","0.10026260589356335","0.10026260589356335","0.10962196554223369","0.10962196554223369","0.10962196554223369","0.11882666949721843","0.11882666949721843","0.12787927331604287","-0.0204359688140629","-0.0204359688140629","-0.00908216483111892","0.06361908876450491","0.06361908876450491","0.07358395229191668","0.17567658188154459","0.17567658188154459","0.18378978781666547","0.27007765792500893","0.27007765792500893","0.27663096398807263","0.34656090265882505","0.34656090265882505","0.3518503862245704","0.40831101087278926","0.40831101087278926","0.4125801248628941","0.4581504162448712","0.4581504162448712","0.4615959751938501","0.49837538746275223","0.49837538746275223","0.5011562619601748","0.5308405463525501","0.5308405463525501","0.5330849608929358","0.5570428348880152","0.5570428348880152","0.5588542782351991","0.5781904261507738","0.5796524230055267","0.5464172472809348","0.5484042696939885","-0.13203545466797842","-0.11883756128477127","-0.48971886714404644","-0.4706105505671303","-0.4706105505671303","-0.4706105505671303","-0.4627045967090738","-0.4627045967090738","-0.4627045967090738","-0.4565578984146852","-0.4565578984146852","-0.4565578984146852","-0.45083626283874734","-0.599518674013001","-0.5873086642653726","-0.6420629209499016","-0.6256972825092104","-0.6539687071044641","-0.635226144486538","-0.635226144486538","-0.635226144486538","-0.6267489254467","-0.6267489254467","-0.6267489254467","-0.619847194598462","-0.6521559520939989","-0.6392140344152776","-0.6392140344152776","-0.6392140344152776"
"0.0","0.008888888888888889","0.008888888888888889","0.008888888888888889","0.019525295508274233","0.019525295508274233","0.019525295508274233","0.030195472038955576","0.030195472038955576","0.030195472038955576","0.040710323666242006","0.040710323666242006","0.040710323666242006","0.05105350692348563","0.05105350692348563","0.05105350692348563","0.06122598367489299","0.06122598367489299","0.06122598367489299","0.07123038904663861","0.07123038904663861","0.07123038904663861","0.08106948189650934","0.08106948189650934","0.08106948189650934","0.09074599205730695","0.09074599205730695","0.09074599205730695","0.10026260589356335","0.10026260589356335","0.10026260589356335","0.10962196554223369","0.10962196554223369","0.10962196554223369","0.11882666949721843","0.11882666949721843","0.12787927331604287","-0.0204359688140629","-0.0204359688140629","-0.00908216483111892","0.06361908876450491","0.06361908876450491","0.07358395229191668","0.17567658188154459","0.17567658188154459","0.18378978781666547","0.27007765792500893","0.27007765792500893","0.27663096398807263","0.34656090265882505","0.34656090265882505","0.3518503862245704","0.40831101087278926","0.40831101087278926","0.4125801248628941","0.4581504162448712","0.4581504162448712","0.4615959751938501","0.49837538746275223","0.49837538746275223","0.5011562619601748","0.5308405463525501","0.5308405463525501","0.5330849608929358","0.5570428348880152","0.5570428348880152","0.5588542782351991","0.5781904261507738","0.5796524230055267","0.5796524230055267","0.5796524230055267","0.580257315625333","0.5470060094308796","0.548319736398922","-0.1320726493178077","-0.1214400719489099","-0.1214400719489099","-0.1214400719489099","-0.11642781952600674","-0.48894052496134344","-0.47675399375678373","-0.47675399375678373","-0.47675399375678373","-0.4699885008691525","-0.4699885008691525","-0.4699885008691525","-0.46407947851675196","-0.6036388319392519","-0.5912958638105076","-0.6432990917299375","-0.626860072158795","-0.6543290995353834","-0.6355473210892667","-0.6355473210892667","-0.6355473210892667","-0.6270620445786212","-0.6543920437055017","-0.64031065084647","-0.6584981923164372","-0.6411143161517586"
"0.0","0.008888888888888889","0.008888888888888889","0.008888888888888889","0.019525295508274233","0.019525295508274233","0.019525295508274233","0.030195472038955576","0.030195472038955576","0.030195472038955576","0.040710323666242006","0.040710323666242006","0.040710323666242006","0.05105350692348563","0.05105350692348563","0.05105350692348563","0.06122598367489299","0.06122598367489299","0.06122598367489299","0.07123038904663861","0.07123038904663861","0.07123038904663861","0.08106948189650934","0.08106948189650934","0.08106948189650934","0.09074599205730695","0.09074599205730695","0.09074599205730695","0.10026260589356335","0.10026260589356335","0.10026260589356335","0.10962196554223369","0.10962196554223369","0.10962196554223369","0.11882666949721843","0.11882666949721843","0.12787927331604287","-0.0204359688140629","-0.0204359688140629","-0.00908216483111892","0.06361908876450491","0.06361908876450491","0.07358395229191668","0.17567658188154459","0.17567658188154459","0.18378978781666547","0.27007765792500893","0.27007765792500893","0.27663096398807263","0.34656090265882505","0.34656090265882505","0.3518503862245704","0.40831101087278926","0.40831101087278926","0.4125801248628941","0.4581504162448712","0.4581504162448712","0.4615959751938501","0.49837538746275223","0.49837538746275223","0.5011562619601748","0.5308405463525501","0.5308405463525501","0.5330849608929358","0.5570428348880152","0.5570428348880152","0.5588542782351991","0.5781904261507738","0.5796524230055267","0.5796524230055267","0.5796524230055267","0.580257315625333","0.580257315625333","0.580257315625333","0.580727605801725","0.5474637585359012","0.5486424903540091","0.5486424903540091","0.5486424903540091","0.5493282026553746","-0.13162892416496855","-0.12352658750746416","-0.12352658750746416","-0.12352658750746416","-0.11890240603988167","-0.11890240603988167","-0.11890240603988167","-0.114829996461579","-0.114829996461579","-0.114829996461579","-0.1108923202209657","-0.487152568805558","-0.4760707614330231","-0.4760707614330231","-0.4760707614330231","-0.46948300195550974","-0.46948300195550974","-0.46948300195550974","-0.4636152449150043","-0.6034944020817024"
"0.0","0.008888888888888889","0.008888888888888889","0.008888888888888889","0.019525295508274233","0.019525295508274233","0.019525295508274233","0.030195472038955576","0.030195472038955576","0.030195472038955576","0.040710323666242006","0.040710323666242006","0.040710323666242006","0.05105350692348563","0.05105350692348563","0.05105350692348563","0.06122598367489299","0.06122598367489299","0.06122598367489299","0.07123038904663861","0.07123038904663861","0.07123038904663861","0.08106948189650934","0.08106948189650934","0.08106948189650934","0.09074599205730695","0.09074599205730695","0.09074599205730695","0.10026260589356335","0.10026260589356335","0.10026260589356335","0.10962196554223369","0.10962196554223369","0.10962196554223369","0.11882666949721843","0.11882666949721843","0.12787927331604287","-0.0204359688140629","-0.0204359688140629","-0.00908216483111892","0.06361908876450491","0.06361908876450491","0.07358395229191668","0.17567658188154459","0.17567658188154459","0.18378978781666547","0.27007765792500893","0.27007765792500893","0.27663096398807263","0.34656090265882505","0.34656090265882505","0.3518503862245704","0.40831101087278926","0.40831101087278926","0.4125801248628941","0.4581504162448712","0.4581504162448712","0.4615959751938501","0.49837538746275223","0.49837538746275223","0.5011562619601748","0.5308405463525501","0.5308405463525501","0.5330849608929358","0.5570428348880152","0.5570428348880152","0.5588542782351991","0.5781904261507738","0.5796524230055267","0.5796524230055267","0.5796524230055267","0.580257315625333","0.580257315625333","0.580257315625333","0.580727605801725","0.5474637585359012","0.5486424903540091","-0.13193063757756934","-0.1218261252715423","-0.1218261252715423","-0.1218261252715423","-0.11689938742297254","-0.4890928405299649","-0.4769981428298034","-0.4769981428298034","-0.4769981428298034","-0.4702464976577415","-0.4702464976577415","-0.4702464976577415","-0.46433955578956554","-0.6037197457794456","-0.5913786761256287","-0.5913786761256287","-0.5913786761256287","-0.5841043442572706","-0.6410694701032458","-0.6278223980416455","-0.6278223980416455","-0.6278223980416455","-0.6202512437204648"
"0.0","0.008888888888888889","0.008888888888888889","0.008888888888888889","0.019525295508274233","0.019525295508274233","0.019525295508274233","0.030195472038955576","0.030195472038955576","0.030195472038955576","0.040710323666242006","0.040710323666242006","0.040710323666242006","0.05105350692348563","0.05105350692348563","0.05105350692348563","0.06122598367489299","0.06122598367489299","0.06122598367489299","0.07123038904663861","0.07123038904663861","0.07123038904663861","0.08106948189650934","0.08106948189650934","0.08106948189650934","0.09074599205730695","0.09074599205730695","0.09074599205730695","0.10026260589356335","0.10026260589356335","0.10026260589356335","0.10962196554223369","0.10962196554223369","0.10962196554223369","0.11882666949721843","0.11882666949721843","0.12787927331604287","-0.0204359688140629","-0.0204359688140629","-0.00908216483111892","0.06361908876450491","0.06361908876450491","0.07358395229191668","0.17567658188154459","0.17567658188154459","0.18378978781666547","0.27007765792500893","0.27007765792500893","0.27663096398807263","0.34656090265882505","0.34656090265882505","0.3518503862245704","0.40831101087278926","0.40831101087278926","0.4125801248628941","0.4581504162448712","0.4581504162448712","0.4615959751938501","0.49837538746275223","0.49837538746275223","0.5011562619601748","0.5308405463525501","0.5308405463525501","0.5330849608929358","0.5570428348880152","0.5570428348880152","0.5588542782351991","0.5781904261507738","0.5796524230055267","0.5464172472809348","0.5484042696939885","0.5484042696939885","0.5484042696939885","0.5492263885577456","-0.13167372236792532","-0.12290892595964958","-0.49103391049095224","-0.47562294885389506","-0.47562294885389506","-0.47562294885389506","-0.46835814116666774","-0.6049699864155839","-0.5915598589380828","-0.6433809394175404","-0.6262853727029489","-0.6262853727029489","-0.6262853727029489","-0.6181203729301725","-0.6181203729301725","-0.6181203729301725","-0.6113240544407461","-0.6113240544407461","-0.6113240544407461","-0.6048559880239243","-0.6048559880239243","-0.6048559880239243","-0.5984821422705104","-0.5984821422705104","-0.5984821422705104","-0.5921530316203936"
"0.0","0.008888888888888889","0.008888888888888889","0.008888888888888889","0.019525295508274233","0.019525295508274233","0.019525295508274233","0.030195472038955576","0.030195472038955576","0.030195472038955576","0.040710323666242006","0.040710323666242006","0.040710323666242006","0.05105350692348563","0.05105350692348563","0.05105350692348563","0.06122598367489299","0.06122598367489299","0.06122598367489299","0.07123038904663861","0.07123038904663861","0.07123038904663861","0.08106948189650934","0.08106948189650934","0.08106948189650934","0.09074599205730695","0.09074599205730695","0.09074599205730695","0.10026260589356335","0.10026260589356335","0.10026260589356335","0.10962196554223369","0.10962196554223369","0.10962196554223369","0.11882666949721843","0.11882666949721843","0.12787927331604287","-0.0204359688140629","-0.0204359688140629","-0.00908216483111892","0.06361908876450491","0.06361908876450491","0.07358395229191668","0.17567658188154459","0.17567658188154459","0.18378978781666547","0.27007765792500893","0.27007765792500893","0.27663096398807263","0.34656090265882505","0.34656090265882505","0.3518503862245704","0.40831101087278926","0.40831101087278926","0.4125801248628941","0.4581504162448712","0.4581504162448712","0.4615959751938501","0.49837538746275223","0.49837538746275223","0.5011562619601748","0.5308405463525501","0.5308405463525501","0.5330849608929358","0.5570428348880152","0.5570428348880152","0.5588542782351991","0.5781904261507738","0.5796524230055267","0.5464172472809348","0.5484042696939885","-0.13203545466797842","-0.11883756128477127","-0.48971886714404644","-0.4706105505671303","-0.605670743895498","-0.5846464182507818","-0.5846464182507818","-0.5846464182507818","-0.5759477268838677","-0.6385406345265972","-0.62421106230066","-0.62421106230066","-0.62421106230066","-0.6164792450886886","-0.6164792450886886","-0.6164792450886886","-0.6097876019696553","-0.6097876019696553","-0.6097876019696553","-0.6033476314468436","-0.6470417060949158","-0.634418218266142","-0.634418218266142","-0.634418218266142","-0.6269166623823483","-0.6543469855392972","-0.6409810983440027","-0.6587059829485318","-0.6417528135591121"
"0.0","0.008888888888888889","0.008888888888888889","0.008888888888888889","0.019525295508274233","0.019525295508274233","0.019525295508274233","0.030195472038955576","0.030195472038955576","0.030195472038955576","0.040710323666242006","0.040710323666242006","0.040710323666242006","0.05105350692348563","0.05105350692348563","0.05105350692348563","0.06122598367489299","0.06122598367489299","0.06122598367489299","0.07123038904663861","0.07123038904663861","0.07123038904663861","0.08106948189650934","0.08106948189650934","0.08106948189650934","0.09074599205730695","0.09074599205730695","0.09074599205730695","0.10026260589356335","0.10026260589356335","0.10026260589356335","0.10962196554223369","0.10962196554223369","0.10962196554223369","0.11882666949721843","0.11882666949721843","0.12787927331604287","-0.0204359688140629","-0.0204359688140629","-0.00908216483111892","0.06361908876450491","0.06361908876450491","0.07358395229191668","0.17567658188154459","0.17567658188154459","0.18378978781666547","0.27007765792500893","0.27007765792500893","0.27663096398807263","0.34656090265882505","0.34656090265882505","0.3518503862245704","0.40831101087278926","0.40831101087278926","0.4125801248628941","0.4581504162448712","0.4581504162448712","0.4615959751938501","0.49837538746275223","0.49837538746275223","0.5011562619601748","0.5308405463525501","0.5308405463525501","0.5330849608929358","0.5570428348880152","0.5570428348880152","0.5588542782351991","0.5781904261507738","0.5796524230055267","0.5796524230055267","0.5796524230055267","0.580257315625333","0.5470060094308796","0.548319736398922","0.548319736398922","0.548319736398922","0.5490285849690806","-0.13176075594693787","-0.12355433445691079","-0.49124237625566175","-0.47631919517901344","-0.47631919517901344","-0.47631919517901344","-0.4691324714217916","-0.4691324714217916","-0.4691324714217916","-0.46313150510749135","-0.46313150510749135","-0.46313150510749135","-0.4574149939226687","-0.6015654133910442","-0.5893659960193598","-0.642700765474694","-0.6263460132905764","-0.654169773276142","-0.6354354656099133","-0.6569872101440479","-0.6369101622930644","-0.6369101622930644","-0.6369101622930644"
"0.0","0.008888888888888889","0.008888888888888889","0.008888888888888889","0.019525295508274233","0.019525295508274233","0.019525295508274233","0.030195472038955576","0.030195472038955576","0.030195472038955576","0.040710323666242006","0.040710323666242006","0.040710323666242006","0.05105350692348563","0.05105350692348563","0.05105350692348563","0.06122598367489299","0.06122598367489299","0.06122598367489299","0.07123038904663861","0.07123038904663861","0.07123038904663861","0.08106948189650934","0.08106948189650934","0.08106948189650934","0.09074599205730695","0.09074599205730695","0.09074599205730695","0.10026260589356335","0.10026260589356335","0.10026260589356335","0.10962196554223369","0.10962196554223369","0.10962196554223369","0.11882666949721843","0.11882666949721843","0.12787927331604287","-0.0204359688140629","-0.0204359688140629","-0.00908216483111892","0.06361908876450491","0.06361908876450491","0.07358395229191668","0.17567658188154459","0.17567658188154459","0.18378978781666547","0.27007765792500893","0.27007765792500893","0.27663096398807263","0.34656090265882505","0.34656090265882505","0.3518503862245704","0.40831101087278926","0.40831101087278926","0.4125801248628941","0.4581504162448712","0.4581504162448712","0.4615959751938501","0.49837538746275223","0.49837538746275223","0.5011562619601748","0.5308405463525501","0.5308405463525501","0.5330849608929358","0.5570428348880152","0.5570428348880152","0.5588542782351991","0.5781904261507738","0.5796524230055267","0.5796524230055267","0.5796524230055267","0.580257315625333","0.580257315625333","0.580257315625333","0.580727605801725","0.580727605801725","0.580727605801725","0.5811653739945635","0.547889852910264","0.5490352350333736","-0.13175782991864896","-0.12177354687275023","-0.12177354687275023","-0.12177354687275023","-0.11686645348837045","-0.11686645348837045","-0.11686645348837045","-0.11273828592122798","-0.48774881235203393","-0.47647505185866623","-0.47647505185866623","-0.47647505185866623","-0.4698558153068438","-0.4698558153068438","-0.4698558153068438","-0.46397968474096984","-0.46397968474096984","-0.46397968474096984","-0.4582860585623314","-0.6018364143296867"
"0.0","0.008888888888888889","0.008888888888888889","0.008888888888888889","0.019525295508274233","0.019525295508274233","0.019525295508274233","0.030195472038955576","0.030195472038955576","0.030195472038955576","0.040710323666242006","0.040710323666242006","0.040710323666242006","0.05105350692348563","0.05105350692348563","0.05105350692348563","0.06122598367489299","0.06122598367489299","0.06122598367489299","0.07123038904663861","0.07123038904663861","0.07123038904663861","0.08106948189650934","0.08106948189650934","0.08106948189650934","0.09074599205730695","0.09074599205730695","0.09074599205730695","0.10026260589356335","0.10026260589356335","0.10026260589356335","0.10962196554223369","0.10962196554223369","0.10962196554223369","0.11882666949721843","0.11882666949721843","0.12787927331604287","-0.0204359688140629","-0.0204359688140629","-0.00908216483111892","0.06361908876450491","0.06361908876450491","0.07358395229191668","0.17567658188154459","0.17567658188154459","0.18378978781666547","0.27007765792500893","0.27007765792500893","0.27663096398807263","0.34656090265882505","0.34656090265882505","0.3518503862245704","0.40831101087278926","0.40831101087278926","0.4125801248628941","0.4581504162448712","0.4581504162448712","0.4615959751938501","0.49837538746275223","0.49837538746275223","0.5011562619601748","0.5308405463525501","0.5308405463525501","0.5330849608929358","0.5570428348880152","0.5570428348880152","0.5588542782351991","0.5781904261507738","0.5796524230055267","0.5796524230055267","0.5796524230055267","0.580257315625333","0.580257315625333","0.580257315625333","0.580727605801725","0.5474637585359012","0.5486424903540091","0.5486424903540091","0.5486424903540091","0.5493282026553746","-0.13162892416496855","-0.12352658750746416","-0.12352658750746416","-0.12352658750746416","-0.11890240603988167","-0.4897398118814009","-0.47796806393269964","-0.47796806393269964","-0.47796806393269964","-0.47126412243539556","-0.605874079654643","-0.5929156927578481","-0.5929156927578481","-0.5929156927578481","-0.5855378077412635","-0.5855378077412635","-0.5855378077412635","-0.579044821880441","-0.6395008418837712","-0.626821672305662"
"0.0","0.008888888888888889","0.008888888888888889","0.008888888888888889","0.019525295508274233","0.019525295508274233","0.019525295508274233","0.030195472038955576","0.030195472038955576","0.030195472038955576","0.040710323666242006","0.040710323666242006","0.040710323666242006","0.05105350692348563","0.05105350692348563","0.05105350692348563","0.06122598367489299","0.06122598367489299","0.06122598367489299","0.07123038904663861","0.07123038904663861","0.07123038904663861","0.08106948189650934","0.08106948189650934","0.08106948189650934","0.09074599205730695","0.09074599205730695","0.09074599205730695","0.10026260589356335","0.10026260589356335","0.10026260589356335","0.10962196554223369","0.10962196554223369","0.10962196554223369","0.11882666949721843","0.11882666949721843","0.12787927331604287","-0.0204359688140629","-0.0204359688140629","-0.00908216483111892","0.06361908876450491","0.06361908876450491","0.07358395229191668","0.17567658188154459","0.17567658188154459","0.18378978781666547","0.27007765792500893","0.27007765792500893","0.27663096398807263","0.34656090265882505","0.34656090265882505","0.3518503862245704","0.40831101087278926","0.40831101087278926","0.4125801248628941","0.4581504162448712","0.4581504162448712","0.4615959751938501","0.49837538746275223","0.49837538746275223","0.5011562619601748","0.5308405463525501","0.5308405463525501","0.5330849608929358","0.5570428348880152","0.5570428348880152","0.5588542782351991","0.5781904261507738","0.5796524230055267","0.5796524230055267","0.5796524230055267","0.580257315625333","0.5470060094308796","0.548319736398922","-0.1320726493178077","-0.1214400719489099","-0.1214400719489099","-0.1214400719489099","-0.11642781952600674","-0.11642781952600674","-0.11642781952600674","-0.11227716679664049","-0.11227716679664049","-0.11227716679664049","-0.10833309384388758","-0.10833309384388758","-0.10833309384388758","-0.10444783798579005","-0.10444783798579005","-0.10444783798579005","-0.10059013811553466","-0.4838249828194747","-0.47280397316887424","-0.47280397316887424","-0.47280397316887424","-0.4662395377326481","-0.6043108579271944","-0.5914554613149983","-0.6433485725169874","-0.6265944748869651"
"0.0","0.008888888888888889","0.008888888888888889","0.008888888888888889","0.019525295508274233","0.019525295508274233","0.019525295508274233","0.030195472038955576","0.030195472038955576","0.030195472038955576","0.040710323666242006","0.040710323666242006","0.040710323666242006","0.05105350692348563","0.05105350692348563","0.05105350692348563","0.06122598367489299","0.06122598367489299","0.06122598367489299","0.07123038904663861","0.07123038904663861","0.07123038904663861","0.08106948189650934","0.08106948189650934","0.08106948189650934","0.09074599205730695","0.09074599205730695","0.09074599205730695","0.10026260589356335","0.10026260589356335","0.10026260589356335","0.10962196554223369","0.10962196554223369","0.10962196554223369","0.11882666949721843","0.11882666949721843","0.12787927331604287","-0.0204359688140629","-0.0204359688140629","-0.00908216483111892","0.06361908876450491","0.06361908876450491","0.07358395229191668","0.17567658188154459","0.17567658188154459","0.18378978781666547","0.27007765792500893","0.27007765792500893","0.27663096398807263","0.34656090265882505","0.34656090265882505","0.3518503862245704","0.40831101087278926","0.40831101087278926","0.4125801248628941","0.4581504162448712","0.4581504162448712","0.4615959751938501","0.49837538746275223","0.49837538746275223","0.5011562619601748","0.5308405463525501","0.5308405463525501","0.5330849608929358","0.5570428348880152","0.5570428348880152","0.5588542782351991","0.5781904261507738","0.5796524230055267","0.5796524230055267","0.5796524230055267","0.580257315625333","0.5470060094308796","0.548319736398922","0.548319736398922","0.548319736398922","0.5490285849690806","-0.13176075594693787","-0.12355433445691079","-0.49124237625566175","-0.47631919517901344","-0.47631919517901344","-0.47631919517901344","-0.4691324714217916","-0.605210891873575","-0.5918647964101653","-0.5918647964101653","-0.5918647964101653","-0.5844291093107303","-0.6411701585852039","-0.6278042330169562","-0.654621730646241","-0.6376394715671191","-0.6376394715671191","-0.6376394715671191","-0.6294461541879912","-0.6294461541879912","-0.6294461541879912","-0.622599962335136","-0.6530091147877929"
