"0.3333333333333333","0.3333333333333333","0.7931034482758621","0.7931034482758621","0.7931034482758621","0.8939670932358318","0.8939670932358318","0.8939670932358318","0.9042115401453463","0.9042115401453463","0.9042115401453463","0.9042115401453463","0.9042115401453463","0.9042115401453463","0.9042115401453463","0.9051423777942965","0.9051423777942965","0.9051423777942965","0.9051423777942965","0.9051423777942965","0.9052260603833928","0.9052260603833928","0.9052260603833928","0.9052335762408414","0.9052335762408414","0.9052335762408414","0.9052342512107703","0.9052342512107703","0.9052342512107703","0.9052343118267242","0.9052343118267242","0.9052343118267242","0.9052343172703613","0.9052343172703613","0.9052343172703613","0.25331482541375444","0.25331482541375444","0.07771573567900736","0.07771573567900736","0.050273056667368664","0.050273056667368664","0.04764382755194671","0.04764382755194671","0.04764382755194671","0.04764382755194671","0.04764382755194671","0.04764382755194671","0.04764382755194671","0.04764382755194671","0.04764382755194671","0.04764382755194671","0.04764382755194671","0.04764382755194671","0.04764382755194671","0.04764382755194671","0.04764382755194671","0.04764382755194671","0.04764382755194671","0.04764382755194671","0.04764382755194671","0.04764382755194671","0.04764382755194671","0.04764382755194671","0.04764382755194671","0.04764382755194671","0.04764382755194671","0.04764382755194671","0.04764382755194671","0.04764382755194671","0.04764382755194671","0.04764382755194671","0.04764382755194671","0.04764382755194671","0.04764382755194671","0.04764382755194671","0.04764382755194671","0.04764382755194671","0.04764382755194671","0.04764382755194671","0.04764382755194671","0.04764382755194671","0.04764382755194671","0.04764382755194671","0.04764382755194671","0.04764382755194671","0.04764382755194671","0.04764382755194671","0.04764382755194671","0.04764382755194671","0.04764382755194671","0.04764382755194671","0.04764382755194671","0.04764382755194671","0.04764382755194671","0.04764382755194671","0.04764382755194671","0.04764382755194671","0.04764382755194671","0.04764382755194671","0.04764382755194671"
"0.3333333333333333","0.3333333333333333","0.7931034482758621","0.7931034482758621","0.7931034482758621","0.8939670932358318","0.8939670932358318","0.8939670932358318","0.9042115401453463","0.9042115401453463","0.9042115401453463","0.9051423777942965","0.9051423777942965","0.9051423777942965","0.9051423777942965","0.9051423777942965","0.9052260603833928","0.9052260603833928","0.9052260603833928","0.9052335762408414","0.9052335762408414","0.9052335762408414","0.9052342512107703","0.9052342512107703","0.9052342512107703","0.9052342512107703","0.9052342512107703","0.9052343118267242","0.9052343118267242","0.9052343118267242","0.9052343172703613","0.9052343172703613","0.9052343172703613","0.9052343172703613","0.9052343172703613","0.25331482541375444","0.25331482541375444","0.25331482541375444","0.25331482541375444","0.25331482541375444","0.07771573567900736","0.07771573567900736","0.07771573567900736","0.07771573567900736","0.07771573567900736","0.07771573567900736","0.07771573567900736","0.07771573567900736","0.050273056667368664","0.050273056667368664","0.050273056667368664","0.050273056667368664","0.050273056667368664","0.050273056667368664","0.050273056667368664","0.050273056667368664","0.050273056667368664","0.050273056667368664","0.050273056667368664","0.050273056667368664","0.050273056667368664","0.050273056667368664","0.050273056667368664","0.050273056667368664","0.050273056667368664","0.050273056667368664","0.050273056667368664","0.050273056667368664","0.050273056667368664","0.050273056667368664","0.050273056667368664","0.050273056667368664","0.050273056667368664","0.050273056667368664","0.050273056667368664","0.050273056667368664","0.050273056667368664","0.050273056667368664","0.050273056667368664","0.050273056667368664","0.050273056667368664","0.050273056667368664","0.050273056667368664","0.050273056667368664","0.050273056667368664","0.050273056667368664","0.050273056667368664","0.050273056667368664","0.050273056667368664","0.050273056667368664","0.050273056667368664","0.050273056667368664","0.050273056667368664","0.050273056667368664","0.050273056667368664","0.050273056667368664","0.050273056667368664","0.050273056667368664","0.050273056667368664","0.050273056667368664"
"0.3333333333333333","0.3333333333333333","0.7931034482758621","0.7931034482758621","0.7931034482758621","0.8939670932358318","0.8939670932358318","0.8939670932358318","0.9042115401453463","0.9042115401453463","0.9042115401453463","0.9051423777942965","0.9051423777942965","0.9051423777942965","0.9052260603833928","0.9052260603833928","0.9052260603833928","0.9052335762408414","0.9052335762408414","0.9052335762408414","0.9052335762408414","0.9052335762408414","0.9052342512107703","0.9052342512107703","0.9052342512107703","0.9052343118267242","0.9052343118267242","0.9052343118267242","0.9052343172703613","0.9052343172703613","0.9052343172703613","0.905234317759229","0.905234317759229","0.905234317759229","0.253314825727453","0.253314825727453","0.07771573575479361","0.07771573575479361","0.07771573575479361","0.07771573575479361","0.07771573575479361","0.05027305667503029","0.05027305667503029","0.05027305667503029","0.05027305667503029","0.05027305667503029","0.05027305667503029","0.05027305667503029","0.05027305667503029","0.04764382755264237","0.04764382755264237","0.04764382755264237","0.04764382755264237","0.04764382755264237","0.04764382755264237","0.04764382755264237","0.04764382755264237","0.04764382755264237","0.04764382755264237","0.04764382755264237","0.04764382755264237","0.04764382755264237","0.04764382755264237","0.04764382755264237","0.04764382755264237","0.04764382755264237","0.04764382755264237","0.04764382755264237","0.04764382755264237","0.04764382755264237","0.04764382755264237","0.04764382755264237","0.04764382755264237","0.04764382755264237","0.04764382755264237","0.04764382755264237","0.04764382755264237","0.04764382755264237","0.04764382755264237","0.04764382755264237","0.04764382755264237","0.04764382755264237","0.04764382755264237","0.04764382755264237","0.04764382755264237","0.04764382755264237","0.04764382755264237","0.04764382755264237","0.04764382755264237","0.04764382755264237","0.04764382755264237","0.04764382755264237","0.04764382755264237","0.04764382755264237","0.04764382755264237","0.04764382755264237","0.04764382755264237","0.04764382755264237","0.04764382755264237","0.04764382755264237"
"0.3333333333333333","0.3333333333333333","0.3333333333333333","0.3333333333333333","0.7931034482758621","0.7931034482758621","0.7931034482758621","0.8939670932358318","0.8939670932358318","0.8939670932358318","0.9042115401453463","0.9042115401453463","0.9042115401453463","0.9051423777942965","0.9051423777942965","0.9051423777942965","0.9051423777942965","0.9051423777942965","0.9052260603833928","0.9052260603833928","0.9052260603833928","0.9052335762408414","0.9052335762408414","0.9052335762408414","0.9052342512107703","0.9052342512107703","0.9052342512107703","0.9052343118267242","0.9052343118267242","0.9052343118267242","0.9052343172703613","0.9052343172703613","0.9052343172703613","0.905234317759229","0.905234317759229","0.905234317759229","0.253314825727453","0.253314825727453","0.07771573575479361","0.07771573575479361","0.05027305667503029","0.05027305667503029","0.05027305667503029","0.05027305667503029","0.05027305667503029","0.05027305667503029","0.05027305667503029","0.05027305667503029","0.05027305667503029","0.05027305667503029","0.05027305667503029","0.05027305667503029","0.05027305667503029","0.05027305667503029","0.04764382755264237","0.04764382755264237","0.04764382755264237","0.04764382755264237","0.04764382755264237","0.04764382755264237","0.04764382755264237","0.04764382755264237","0.04740629067444087","0.04740629067444087","0.04738494708733041","0.04738494708733041","0.04738494708733041","0.04738494708733041","0.04738494708733041","0.04738494708733041","0.04738494708733041","0.04738494708733041","0.04738494708733041","0.04738494708733041","0.04738494708733041","0.04738494708733041","0.04738494708733041","0.04738494708733041","0.04738494708733041","0.04738494708733041","0.04738494708733041","0.04738494708733041","0.04738494708733041","0.04738494708733041","0.04738494708733041","0.04738494708733041","0.04738494708733041","0.04738494708733041","0.04738494708733041","0.04738494708733041","0.04738494708733041","0.04738494708733041","0.04738494708733041","0.04738494708733041","0.04738494708733041","0.04738494708733041","0.04738494708733041","0.04738494708733041","0.04738494708733041","0.04738494708733041"
"0.3333333333333333","0.3333333333333333","0.7931034482758621","0.7931034482758621","0.7931034482758621","0.8939670932358318","0.8939670932358318","0.8939670932358318","0.9042115401453463","0.9042115401453463","0.9042115401453463","0.9051423777942965","0.9051423777942965","0.9051423777942965","0.9051423777942965","0.9051423777942965","0.9052260603833928","0.9052260603833928","0.9052260603833928","0.9052260603833928","0.9052260603833928","0.9052335762408414","0.9052335762408414","0.9052335762408414","0.9052342512107703","0.9052342512107703","0.9052342512107703","0.9052343118267242","0.9052343118267242","0.9052343118267242","0.9052343172703613","0.9052343172703613","0.9052343172703613","0.9052343172703613","0.9052343172703613","0.9052343172703613","0.9052343172703613","0.9052343172703613","0.25331482541375444","0.25331482541375444","0.07771573567900736","0.07771573567900736","0.07771573567900736","0.07771573567900736","0.07771573567900736","0.07771573567900736","0.07771573567900736","0.07771573567900736","0.07771573567900736","0.07771573567900736","0.07771573567900736","0.07771573567900736","0.07771573567900736","0.07771573567900736","0.07771573567900736","0.07771573567900736","0.07771573567900736","0.07771573567900736","0.07771573567900736","0.07771573567900736","0.07771573567900736","0.07771573567900736","0.07771573567900736","0.07771573567900736","0.07771573567900736","0.07771573567900736","0.050273056667368664","0.050273056667368664","0.050273056667368664","0.050273056667368664","0.050273056667368664","0.050273056667368664","0.050273056667368664","0.050273056667368664","0.050273056667368664","0.050273056667368664","0.050273056667368664","0.050273056667368664","0.050273056667368664","0.050273056667368664","0.050273056667368664","0.050273056667368664","0.050273056667368664","0.050273056667368664","0.050273056667368664","0.050273056667368664","0.050273056667368664","0.050273056667368664","0.050273056667368664","0.050273056667368664","0.050273056667368664","0.050273056667368664","0.050273056667368664","0.050273056667368664","0.050273056667368664","0.050273056667368664","0.050273056667368664","0.050273056667368664","0.050273056667368664","0.050273056667368664"
"0.3333333333333333","0.3333333333333333","0.7931034482758621","0.7931034482758621","0.7931034482758621","0.8939670932358318","0.8939670932358318","0.8939670932358318","0.9042115401453463","0.9042115401453463","0.9042115401453463","0.9051423777942965","0.9051423777942965","0.9051423777942965","0.9052260603833928","0.9052260603833928","0.9052260603833928","0.9052335762408414","0.9052335762408414","0.9052335762408414","0.9052342512107703","0.9052342512107703","0.9052342512107703","0.9052342512107703","0.9052342512107703","0.9052343118267242","0.9052343118267242","0.9052343118267242","0.9052343172703613","0.9052343172703613","0.9052343172703613","0.905234317759229","0.905234317759229","0.905234317759229","0.905234317759229","0.905234317759229","0.905234317759229","0.253314825727453","0.253314825727453","0.253314825727453","0.253314825727453","0.253314825727453","0.253314825727453","0.253314825727453","0.253314825727453","0.253314825727453","0.253314825727453","0.253314825727453","0.253314825727453","0.253314825727453","0.253314825727453","0.253314825727453","0.253314825727453","0.253314825727453","0.253314825727453","0.253314825727453","0.253314825727453","0.253314825727453","0.253314825727453","0.253314825727453","0.253314825727453","0.253314825727453","0.253314825727453","0.253314825727453","0.253314825727453","0.253314825727453","0.253314825727453","0.253314825727453","0.253314825727453","0.253314825727453","0.253314825727453","0.253314825727453","0.253314825727453","0.253314825727453","0.253314825727453","0.253314825727453","0.253314825727453","0.253314825727453","0.253314825727453","0.253314825727453","0.253314825727453","0.253314825727453","0.253314825727453","0.253314825727453","0.253314825727453","0.253314825727453","0.253314825727453","0.253314825727453","0.253314825727453","0.253314825727453","0.253314825727453","0.253314825727453","0.253314825727453","0.253314825727453","0.253314825727453","0.253314825727453","0.253314825727453","0.253314825727453","0.253314825727453","0.253314825727453"
"0.3333333333333333","0.3333333333333333","0.7931034482758621","0.7931034482758621","0.7931034482758621","0.8939670932358318","0.8939670932358318","0.8939670932358318","0.9042115401453463","0.9042115401453463","0.9042115401453463","0.9051423777942965","0.9051423777942965","0.9051423777942965","0.9052260603833928","0.9052260603833928","0.9052260603833928","0.9052335762408414","0.9052335762408414","0.9052335762408414","0.9052342512107703","0.9052342512107703","0.9052342512107703","0.9052343118267242","0.9052343118267242","0.9052343118267242","0.9052343172703613","0.9052343172703613","0.9052343172703613","0.905234317759229","0.905234317759229","0.905234317759229","0.9052343178031319","0.9052343178031319","0.9052343178031319","0.25331482575562486","0.25331482575562486","0.25331482575562486","0.25331482575562486","0.25331482575562486","0.25331482575562486","0.25331482575562486","0.25331482575562486","0.25331482575562486","0.25331482575562486","0.25331482575562486","0.07771573576159962","0.07771573576159962","0.050273056675718346","0.050273056675718346","0.050273056675718346","0.050273056675718346","0.050273056675718346","0.04764382755270485","0.04764382755270485","0.04764382755270485","0.04764382755270485","0.04764382755270485","0.04764382755270485","0.04764382755270485","0.04764382755270485","0.04764382755270485","0.04764382755270485","0.04764382755270485","0.04764382755270485","0.04764382755270485","0.04764382755270485","0.04764382755270485","0.04764382755270485","0.04764382755270485","0.04764382755270485","0.04764382755270485","0.04764382755270485","0.04764382755270485","0.04764382755270485","0.04764382755270485","0.04764382755270485","0.04764382755270485","0.04764382755270485","0.04764382755270485","0.04764382755270485","0.04764382755270485","0.04764382755270485","0.04764382755270485","0.04764382755270485","0.04764382755270485","0.04764382755270485","0.04764382755270485","0.04764382755270485","0.04764382755270485","0.04764382755270485","0.04764382755270485","0.04764382755270485","0.04764382755270485","0.04764382755270485","0.04764382755270485","0.04764382755270485","0.04764382755270485","0.04764382755270485","0.04764382755270485"
"0.3333333333333333","0.3333333333333333","0.7931034482758621","0.7931034482758621","0.7931034482758621","0.8939670932358318","0.8939670932358318","0.8939670932358318","0.9042115401453463","0.9042115401453463","0.9042115401453463","0.9042115401453463","0.9042115401453463","0.9051423777942965","0.9051423777942965","0.9051423777942965","0.9052260603833928","0.9052260603833928","0.9052260603833928","0.9052335762408414","0.9052335762408414","0.9052335762408414","0.9052342512107703","0.9052342512107703","0.9052342512107703","0.9052343118267242","0.9052343118267242","0.9052343118267242","0.9052343172703613","0.9052343172703613","0.9052343172703613","0.905234317759229","0.905234317759229","0.905234317759229","0.253314825727453","0.253314825727453","0.07771573575479361","0.07771573575479361","0.07771573575479361","0.07771573575479361","0.07771573575479361","0.07771573575479361","0.07771573575479361","0.07771573575479361","0.07771573575479361","0.07771573575479361","0.07771573575479361","0.07771573575479361","0.07771573575479361","0.07771573575479361","0.07771573575479361","0.07771573575479361","0.07771573575479361","0.07771573575479361","0.07771573575479361","0.07771573575479361","0.07771573575479361","0.07771573575479361","0.07771573575479361","0.07771573575479361","0.07771573575479361","0.07771573575479361","0.07771573575479361","0.07771573575479361","0.07771573575479361","0.07771573575479361","0.07771573575479361","0.07771573575479361","0.07771573575479361","0.07771573575479361","0.07771573575479361","0.07771573575479361","0.07771573575479361","0.07771573575479361","0.07771573575479361","0.07771573575479361","0.07771573575479361","0.07771573575479361","0.07771573575479361","0.07771573575479361","0.07771573575479361","0.07771573575479361","0.07771573575479361","0.07771573575479361","0.07771573575479361","0.07771573575479361","0.07771573575479361","0.07771573575479361","0.07771573575479361","0.07771573575479361","0.07771573575479361","0.07771573575479361","0.07771573575479361","0.07771573575479361","0.07771573575479361","0.07771573575479361","0.07771573575479361","0.07771573575479361","0.07771573575479361","0.07771573575479361"
"0.3333333333333333","0.3333333333333333","0.7931034482758621","0.7931034482758621","0.7931034482758621","0.7931034482758621","0.7931034482758621","0.8939670932358318","0.8939670932358318","0.8939670932358318","0.9042115401453463","0.9042115401453463","0.9042115401453463","0.9051423777942965","0.9051423777942965","0.9051423777942965","0.9052260603833928","0.9052260603833928","0.9052260603833928","0.9052335762408414","0.9052335762408414","0.9052335762408414","0.9052342512107703","0.9052342512107703","0.9052342512107703","0.9052343118267242","0.9052343118267242","0.9052343118267242","0.9052343118267242","0.9052343118267242","0.9052343172703613","0.9052343172703613","0.9052343172703613","0.905234317759229","0.905234317759229","0.905234317759229","0.253314825727453","0.253314825727453","0.07771573575479361","0.07771573575479361","0.05027305667503029","0.05027305667503029","0.05027305667503029","0.05027305667503029","0.05027305667503029","0.05027305667503029","0.05027305667503029","0.05027305667503029","0.05027305667503029","0.05027305667503029","0.05027305667503029","0.05027305667503029","0.05027305667503029","0.05027305667503029","0.05027305667503029","0.05027305667503029","0.05027305667503029","0.05027305667503029","0.05027305667503029","0.05027305667503029","0.05027305667503029","0.05027305667503029","0.05027305667503029","0.05027305667503029","0.05027305667503029","0.05027305667503029","0.05027305667503029","0.05027305667503029","0.05027305667503029","0.05027305667503029","0.05027305667503029","0.05027305667503029","0.05027305667503029","0.05027305667503029","0.05027305667503029","0.05027305667503029","0.05027305667503029","0.05027305667503029","0.05027305667503029","0.05027305667503029","0.05027305667503029","0.05027305667503029","0.05027305667503029","0.05027305667503029","0.05027305667503029","0.05027305667503029","0.05027305667503029","0.05027305667503029","0.05027305667503029","0.05027305667503029","0.05027305667503029","0.05027305667503029","0.05027305667503029","0.05027305667503029","0.05027305667503029","0.05027305667503029","0.05027305667503029","0.05027305667503029","0.05027305667503029","0.05027305667503029"
"0.3333333333333333","0.3333333333333333","0.7931034482758621","0.7931034482758621","0.7931034482758621","0.8939670932358318","0.8939670932358318","0.8939670932358318","0.9042115401453463","0.9042115401453463","0.9042115401453463","0.9051423777942965","0.9051423777942965","0.9051423777942965","0.9052260603833928","0.9052260603833928","0.9052260603833928","0.9052335762408414","0.9052335762408414","0.9052335762408414","0.9052342512107703","0.9052342512107703","0.9052342512107703","0.9052342512107703","0.9052342512107703","0.9052343118267242","0.9052343118267242","0.9052343118267242","0.9052343172703613","0.9052343172703613","0.9052343172703613","0.905234317759229","0.905234317759229","0.905234317759229","0.253314825727453","0.253314825727453","0.07771573575479361","0.07771573575479361","0.07771573575479361","0.07771573575479361","0.07771573575479361","0.07771573575479361","0.07771573575479361","0.07771573575479361","0.07771573575479361","0.07771573575479361","0.07771573575479361","0.07771573575479361","0.07771573575479361","0.07771573575479361","0.07771573575479361","0.07771573575479361","0.07771573575479361","0.07771573575479361","0.07771573575479361","0.07771573575479361","0.07771573575479361","0.07771573575479361","0.07771573575479361","0.07771573575479361","0.07771573575479361","0.07771573575479361","0.07771573575479361","0.07771573575479361","0.07771573575479361","0.07771573575479361","0.07771573575479361","0.07771573575479361","0.07771573575479361","0.07771573575479361","0.07771573575479361","0.07771573575479361","0.07771573575479361","0.07771573575479361","0.07771573575479361","0.07771573575479361","0.07771573575479361","0.07771573575479361","0.07771573575479361","0.07771573575479361","0.07771573575479361","0.07771573575479361","0.07771573575479361","0.07771573575479361","0.07771573575479361","0.07771573575479361","0.07771573575479361","0.07771573575479361","0.07771573575479361","0.07771573575479361","0.07771573575479361","0.07771573575479361","0.07771573575479361","0.07771573575479361","0.07771573575479361","0.07771573575479361","0.07771573575479361","0.07771573575479361","0.07771573575479361","0.07771573575479361"
"0.3333333333333333","0.3333333333333333","0.7931034482758621","0.7931034482758621","0.7931034482758621","0.8939670932358318","0.8939670932358318","0.8939670932358318","0.9042115401453463","0.9042115401453463","0.9042115401453463","0.9051423777942965","0.9051423777942965","0.9051423777942965","0.9052260603833928","0.9052260603833928","0.9052260603833928","0.9052335762408414","0.9052335762408414","0.9052335762408414","0.9052342512107703","0.9052342512107703","0.9052342512107703","0.9052343118267242","0.9052343118267242","0.9052343118267242","0.9052343172703613","0.9052343172703613","0.9052343172703613","0.905234317759229","0.905234317759229","0.905234317759229","0.9052343178031319","0.9052343178031319","0.9052343178031319","0.25331482575562486","0.25331482575562486","0.25331482575562486","0.25331482575562486","0.25331482575562486","0.25331482575562486","0.25331482575562486","0.25331482575562486","0.25331482575562486","0.25331482575562486","0.25331482575562486","0.25331482575562486","0.25331482575562486","0.25331482575562486","0.25331482575562486","0.25331482575562486","0.25331482575562486","0.25331482575562486","0.25331482575562486","0.25331482575562486","0.25331482575562486","0.25331482575562486","0.25331482575562486","0.07771573576159962","0.07771573576159962","0.050273056675718346","0.050273056675718346","0.050273056675718346","0.050273056675718346","0.050273056675718346","0.050273056675718346","0.050273056675718346","0.050273056675718346","0.050273056675718346","0.050273056675718346","0.050273056675718346","0.050273056675718346","0.050273056675718346","0.050273056675718346","0.050273056675718346","0.050273056675718346","0.050273056675718346","0.050273056675718346","0.050273056675718346","0.050273056675718346","0.050273056675718346","0.050273056675718346","0.050273056675718346","0.050273056675718346","0.050273056675718346","0.050273056675718346","0.050273056675718346","0.050273056675718346","0.050273056675718346","0.050273056675718346","0.050273056675718346","0.050273056675718346","0.050273056675718346","0.050273056675718346","0.050273056675718346","0.050273056675718346","0.050273056675718346","0.050273056675718346","0.050273056675718346","0.050273056675718346"
"0.3333333333333333","0.3333333333333333","0.7931034482758621","0.7931034482758621","0.7931034482758621","0.8939670932358318","0.8939670932358318","0.8939670932358318","0.9042115401453463","0.9042115401453463","0.9042115401453463","0.9051423777942965","0.9051423777942965","0.9051423777942965","0.9052260603833928","0.9052260603833928","0.9052260603833928","0.9052335762408414","0.9052335762408414","0.9052335762408414","0.9052342512107703","0.9052342512107703","0.9052342512107703","0.9052343118267242","0.9052343118267242","0.9052343118267242","0.9052343172703613","0.9052343172703613","0.9052343172703613","0.905234317759229","0.905234317759229","0.905234317759229","0.9052343178031319","0.9052343178031319","0.9052343178031319","0.25331482575562486","0.25331482575562486","0.25331482575562486","0.25331482575562486","0.25331482575562486","0.25331482575562486","0.25331482575562486","0.25331482575562486","0.25331482575562486","0.25331482575562486","0.25331482575562486","0.25331482575562486","0.25331482575562486","0.25331482575562486","0.07771573576159962","0.07771573576159962","0.07771573576159962","0.07771573576159962","0.07771573576159962","0.07771573576159962","0.07771573576159962","0.07771573576159962","0.07771573576159962","0.07771573576159962","0.07771573576159962","0.07771573576159962","0.07771573576159962","0.07771573576159962","0.07771573576159962","0.07771573576159962","0.07771573576159962","0.07771573576159962","0.07771573576159962","0.07771573576159962","0.07771573576159962","0.07771573576159962","0.07771573576159962","0.07771573576159962","0.07771573576159962","0.07771573576159962","0.07771573576159962","0.07771573576159962","0.07771573576159962","0.07771573576159962","0.07771573576159962","0.07771573576159962","0.07771573576159962","0.07771573576159962","0.07771573576159962","0.07771573576159962","0.07771573576159962","0.07771573576159962","0.07771573576159962","0.07771573576159962","0.07771573576159962","0.07771573576159962","0.07771573576159962","0.07771573576159962","0.07771573576159962","0.07771573576159962","0.07771573576159962","0.07771573576159962","0.07771573576159962","0.07771573576159962","0.07771573576159962"
"0.3333333333333333","0.3333333333333333","0.7931034482758621","0.7931034482758621","0.7931034482758621","0.8939670932358318","0.8939670932358318","0.8939670932358318","0.9042115401453463","0.9042115401453463","0.9042115401453463","0.9051423777942965","0.9051423777942965","0.9051423777942965","0.9051423777942965","0.9051423777942965","0.9052260603833928","0.9052260603833928","0.9052260603833928","0.9052335762408414","0.9052335762408414","0.9052335762408414","0.9052342512107703","0.9052342512107703","0.9052342512107703","0.9052343118267242","0.9052343118267242","0.9052343118267242","0.9052343172703613","0.9052343172703613","0.9052343172703613","0.905234317759229","0.905234317759229","0.905234317759229","0.905234317759229","0.905234317759229","0.905234317759229","0.253314825727453","0.253314825727453","0.253314825727453","0.253314825727453","0.253314825727453","0.253314825727453","0.253314825727453","0.253314825727453","0.253314825727453","0.253314825727453","0.253314825727453","0.07771573575479361","0.07771573575479361","0.07771573575479361","0.07771573575479361","0.07771573575479361","0.07771573575479361","0.07771573575479361","0.07771573575479361","0.07771573575479361","0.07771573575479361","0.07771573575479361","0.07771573575479361","0.07771573575479361","0.07771573575479361","0.07771573575479361","0.07771573575479361","0.07771573575479361","0.05027305667503029","0.05027305667503029","0.05027305667503029","0.05027305667503029","0.05027305667503029","0.05027305667503029","0.05027305667503029","0.05027305667503029","0.05027305667503029","0.05027305667503029","0.05027305667503029","0.05027305667503029","0.05027305667503029","0.05027305667503029","0.05027305667503029","0.05027305667503029","0.05027305667503029","0.05027305667503029","0.05027305667503029","0.05027305667503029","0.05027305667503029","0.05027305667503029","0.05027305667503029","0.05027305667503029","0.05027305667503029","0.05027305667503029","0.05027305667503029","0.05027305667503029","0.05027305667503029","0.05027305667503029","0.05027305667503029","0.05027305667503029","0.05027305667503029","0.05027305667503029","0.05027305667503029"
"0.3333333333333333","0.3333333333333333","0.7931034482758621","0.7931034482758621","0.7931034482758621","0.8939670932358318","0.8939670932358318","0.8939670932358318","0.9042115401453463","0.9042115401453463","0.9042115401453463","0.9051423777942965","0.9051423777942965","0.9051423777942965","0.9052260603833928","0.9052260603833928","0.9052260603833928","0.9052335762408414","0.9052335762408414","0.9052335762408414","0.9052342512107703","0.9052342512107703","0.9052342512107703","0.9052343118267242","0.9052343118267242","0.9052343118267242","0.9052343172703613","0.9052343172703613","0.9052343172703613","0.905234317759229","0.905234317759229","0.905234317759229","0.905234317759229","0.905234317759229","0.253314825727453","0.253314825727453","0.07771573575479361","0.07771573575479361","0.07771573575479361","0.07771573575479361","0.07771573575479361","0.07771573575479361","0.07771573575479361","0.07771573575479361","0.07771573575479361","0.07771573575479361","0.07771573575479361","0.07771573575479361","0.07771573575479361","0.07771573575479361","0.05027305667503029","0.05027305667503029","0.05027305667503029","0.05027305667503029","0.05027305667503029","0.05027305667503029","0.05027305667503029","0.05027305667503029","0.05027305667503029","0.05027305667503029","0.05027305667503029","0.05027305667503029","0.05027305667503029","0.05027305667503029","0.05027305667503029","0.05027305667503029","0.05027305667503029","0.05027305667503029","0.05027305667503029","0.05027305667503029","0.05027305667503029","0.05027305667503029","0.05027305667503029","0.05027305667503029","0.05027305667503029","0.05027305667503029","0.05027305667503029","0.05027305667503029","0.05027305667503029","0.05027305667503029","0.05027305667503029","0.05027305667503029","0.05027305667503029","0.05027305667503029","0.05027305667503029","0.05027305667503029","0.05027305667503029","0.05027305667503029","0.05027305667503029","0.05027305667503029","0.05027305667503029","0.05027305667503029","0.05027305667503029","0.05027305667503029","0.05027305667503029","0.05027305667503029","0.05027305667503029","0.05027305667503029","0.05027305667503029","0.05027305667503029"
"0.3333333333333333","0.3333333333333333","0.7931034482758621","0.7931034482758621","0.7931034482758621","0.8939670932358318","0.8939670932358318","0.8939670932358318","0.9042115401453463","0.9042115401453463","0.9042115401453463","0.9051423777942965","0.9051423777942965","0.9051423777942965","0.9052260603833928","0.9052260603833928","0.9052260603833928","0.9052335762408414","0.9052335762408414","0.9052335762408414","0.9052335762408414","0.9052335762408414","0.9052342512107703","0.9052342512107703","0.9052342512107703","0.9052343118267242","0.9052343118267242","0.9052343118267242","0.9052343172703613","0.9052343172703613","0.9052343172703613","0.905234317759229","0.905234317759229","0.905234317759229","0.253314825727453","0.253314825727453","0.07771573575479361","0.07771573575479361","0.07771573575479361","0.07771573575479361","0.07771573575479361","0.07771573575479361","0.07771573575479361","0.07771573575479361","0.07771573575479361","0.07771573575479361","0.07771573575479361","0.07771573575479361","0.07771573575479361","0.07771573575479361","0.07771573575479361","0.07771573575479361","0.07771573575479361","0.05027305667503029","0.05027305667503029","0.04764382755264237","0.04764382755264237","0.04740629067444087","0.04740629067444087","0.04740629067444087","0.04740629067444087","0.04740629067444087","0.04740629067444087","0.04740629067444087","0.04740629067444087","0.04740629067444087","0.04740629067444087","0.04740629067444087","0.04740629067444087","0.04740629067444087","0.04740629067444087","0.04740629067444087","0.04740629067444087","0.04740629067444087","0.04740629067444087","0.04740629067444087","0.04740629067444087","0.04740629067444087","0.04740629067444087","0.04740629067444087","0.04740629067444087","0.04740629067444087","0.04740629067444087","0.04740629067444087","0.04740629067444087","0.04740629067444087","0.04740629067444087","0.04740629067444087","0.04740629067444087","0.04740629067444087","0.04740629067444087","0.04740629067444087","0.04740629067444087","0.04740629067444087","0.04740629067444087","0.04740629067444087","0.04740629067444087","0.04740629067444087","0.04740629067444087","0.04740629067444087"
"0.3333333333333333","0.3333333333333333","0.7931034482758621","0.7931034482758621","0.7931034482758621","0.8939670932358318","0.8939670932358318","0.8939670932358318","0.9042115401453463","0.9042115401453463","0.9042115401453463","0.9051423777942965","0.9051423777942965","0.9051423777942965","0.9052260603833928","0.9052260603833928","0.9052260603833928","0.9052335762408414","0.9052335762408414","0.9052335762408414","0.9052342512107703","0.9052342512107703","0.9052342512107703","0.9052343118267242","0.9052343118267242","0.9052343118267242","0.9052343118267242","0.9052343118267242","0.9052343172703613","0.9052343172703613","0.9052343172703613","0.905234317759229","0.905234317759229","0.905234317759229","0.253314825727453","0.253314825727453","0.07771573575479361","0.07771573575479361","0.07771573575479361","0.07771573575479361","0.07771573575479361","0.05027305667503029","0.05027305667503029","0.05027305667503029","0.05027305667503029","0.05027305667503029","0.05027305667503029","0.05027305667503029","0.05027305667503029","0.05027305667503029","0.05027305667503029","0.05027305667503029","0.05027305667503029","0.05027305667503029","0.05027305667503029","0.05027305667503029","0.05027305667503029","0.05027305667503029","0.05027305667503029","0.05027305667503029","0.05027305667503029","0.05027305667503029","0.05027305667503029","0.05027305667503029","0.05027305667503029","0.05027305667503029","0.05027305667503029","0.05027305667503029","0.05027305667503029","0.05027305667503029","0.05027305667503029","0.05027305667503029","0.05027305667503029","0.05027305667503029","0.05027305667503029","0.05027305667503029","0.05027305667503029","0.05027305667503029","0.05027305667503029","0.05027305667503029","0.05027305667503029","0.05027305667503029","0.05027305667503029","0.05027305667503029","0.05027305667503029","0.05027305667503029","0.05027305667503029","0.05027305667503029","0.05027305667503029","0.05027305667503029","0.05027305667503029","0.05027305667503029","0.05027305667503029","0.05027305667503029","0.05027305667503029","0.05027305667503029","0.05027305667503029","0.05027305667503029","0.05027305667503029","0.05027305667503029"
"0.3333333333333333","0.3333333333333333","0.7931034482758621","0.7931034482758621","0.7931034482758621","0.8939670932358318","0.8939670932358318","0.8939670932358318","0.9042115401453463","0.9042115401453463","0.9042115401453463","0.9051423777942965","0.9051423777942965","0.9051423777942965","0.9052260603833928","0.9052260603833928","0.9052260603833928","0.9052335762408414","0.9052335762408414","0.9052335762408414","0.9052342512107703","0.9052342512107703","0.9052342512107703","0.9052343118267242","0.9052343118267242","0.9052343118267242","0.9052343172703613","0.9052343172703613","0.9052343172703613","0.905234317759229","0.905234317759229","0.905234317759229","0.9052343178031319","0.9052343178031319","0.9052343178031319","0.25331482575562486","0.25331482575562486","0.25331482575562486","0.25331482575562486","0.25331482575562486","0.25331482575562486","0.25331482575562486","0.25331482575562486","0.25331482575562486","0.25331482575562486","0.25331482575562486","0.25331482575562486","0.25331482575562486","0.25331482575562486","0.25331482575562486","0.25331482575562486","0.25331482575562486","0.07771573576159962","0.07771573576159962","0.07771573576159962","0.07771573576159962","0.07771573576159962","0.07771573576159962","0.07771573576159962","0.07771573576159962","0.07771573576159962","0.07771573576159962","0.07771573576159962","0.050273056675718346","0.050273056675718346","0.04764382755270485","0.04764382755270485","0.04764382755270485","0.04764382755270485","0.04764382755270485","0.04764382755270485","0.04764382755270485","0.04764382755270485","0.04764382755270485","0.04764382755270485","0.04764382755270485","0.04764382755270485","0.04764382755270485","0.04764382755270485","0.04764382755270485","0.04764382755270485","0.04764382755270485","0.04764382755270485","0.04764382755270485","0.04764382755270485","0.04764382755270485","0.04764382755270485","0.04764382755270485","0.04764382755270485","0.04764382755270485","0.04764382755270485","0.04764382755270485","0.04764382755270485","0.04764382755270485","0.04764382755270485","0.04764382755270485","0.04764382755270485","0.04764382755270485","0.04764382755270485","0.04764382755270485"
"0.3333333333333333","0.3333333333333333","0.7931034482758621","0.7931034482758621","0.7931034482758621","0.8939670932358318","0.8939670932358318","0.8939670932358318","0.9042115401453463","0.9042115401453463","0.9042115401453463","0.9051423777942965","0.9051423777942965","0.9051423777942965","0.9052260603833928","0.9052260603833928","0.9052260603833928","0.9052260603833928","0.9052260603833928","0.9052335762408414","0.9052335762408414","0.9052335762408414","0.9052342512107703","0.9052342512107703","0.9052342512107703","0.9052343118267242","0.9052343118267242","0.9052343118267242","0.9052343172703613","0.9052343172703613","0.9052343172703613","0.905234317759229","0.905234317759229","0.905234317759229","0.253314825727453","0.253314825727453","0.07771573575479361","0.07771573575479361","0.07771573575479361","0.07771573575479361","0.07771573575479361","0.07771573575479361","0.07771573575479361","0.07771573575479361","0.07771573575479361","0.07771573575479361","0.07771573575479361","0.07771573575479361","0.07771573575479361","0.07771573575479361","0.07771573575479361","0.07771573575479361","0.07771573575479361","0.07771573575479361","0.07771573575479361","0.07771573575479361","0.07771573575479361","0.07771573575479361","0.07771573575479361","0.07771573575479361","0.07771573575479361","0.07771573575479361","0.07771573575479361","0.07771573575479361","0.07771573575479361","0.07771573575479361","0.07771573575479361","0.07771573575479361","0.07771573575479361","0.07771573575479361","0.07771573575479361","0.07771573575479361","0.07771573575479361","0.07771573575479361","0.07771573575479361","0.07771573575479361","0.07771573575479361","0.07771573575479361","0.07771573575479361","0.07771573575479361","0.07771573575479361","0.07771573575479361","0.07771573575479361","0.07771573575479361","0.07771573575479361","0.07771573575479361","0.07771573575479361","0.07771573575479361","0.07771573575479361","0.07771573575479361","0.07771573575479361","0.07771573575479361","0.07771573575479361","0.07771573575479361","0.07771573575479361","0.07771573575479361","0.07771573575479361","0.07771573575479361","0.07771573575479361","0.07771573575479361"
"0.3333333333333333","0.3333333333333333","0.7931034482758621","0.7931034482758621","0.7931034482758621","0.8939670932358318","0.8939670932358318","0.8939670932358318","0.9042115401453463","0.9042115401453463","0.9042115401453463","0.9051423777942965","0.9051423777942965","0.9051423777942965","0.9052260603833928","0.9052260603833928","0.9052260603833928","0.9052335762408414","0.9052335762408414","0.9052335762408414","0.9052342512107703","0.9052342512107703","0.9052342512107703","0.9052343118267242","0.9052343118267242","0.9052343118267242","0.9052343172703613","0.9052343172703613","0.9052343172703613","0.905234317759229","0.905234317759229","0.905234317759229","0.9052343178031319","0.9052343178031319","0.9052343178031319","0.25331482575562486","0.25331482575562486","0.25331482575562486","0.25331482575562486","0.25331482575562486","0.25331482575562486","0.25331482575562486","0.25331482575562486","0.07771573576159962","0.07771573576159962","0.07771573576159962","0.07771573576159962","0.07771573576159962","0.07771573576159962","0.07771573576159962","0.07771573576159962","0.07771573576159962","0.07771573576159962","0.07771573576159962","0.07771573576159962","0.07771573576159962","0.07771573576159962","0.050273056675718346","0.050273056675718346","0.050273056675718346","0.050273056675718346","0.050273056675718346","0.050273056675718346","0.050273056675718346","0.050273056675718346","0.050273056675718346","0.050273056675718346","0.050273056675718346","0.050273056675718346","0.050273056675718346","0.050273056675718346","0.050273056675718346","0.050273056675718346","0.050273056675718346","0.050273056675718346","0.050273056675718346","0.050273056675718346","0.050273056675718346","0.050273056675718346","0.050273056675718346","0.050273056675718346","0.050273056675718346","0.050273056675718346","0.050273056675718346","0.050273056675718346","0.050273056675718346","0.050273056675718346","0.050273056675718346","0.050273056675718346","0.050273056675718346","0.050273056675718346","0.050273056675718346","0.050273056675718346","0.050273056675718346","0.050273056675718346","0.050273056675718346","0.050273056675718346","0.050273056675718346","0.050273056675718346","0.050273056675718346"
"0.3333333333333333","0.3333333333333333","0.7931034482758621","0.7931034482758621","0.7931034482758621","0.8939670932358318","0.8939670932358318","0.8939670932358318","0.9042115401453463","0.9042115401453463","0.9042115401453463","0.9051423777942965","0.9051423777942965","0.9051423777942965","0.9052260603833928","0.9052260603833928","0.9052260603833928","0.9052335762408414","0.9052335762408414","0.9052335762408414","0.9052342512107703","0.9052342512107703","0.9052342512107703","0.9052343118267242","0.9052343118267242","0.9052343118267242","0.9052343118267242","0.9052343118267242","0.9052343172703613","0.9052343172703613","0.9052343172703613","0.905234317759229","0.905234317759229","0.905234317759229","0.253314825727453","0.253314825727453","0.07771573575479361","0.07771573575479361","0.07771573575479361","0.07771573575479361","0.07771573575479361","0.07771573575479361","0.07771573575479361","0.07771573575479361","0.07771573575479361","0.07771573575479361","0.07771573575479361","0.07771573575479361","0.07771573575479361","0.07771573575479361","0.07771573575479361","0.07771573575479361","0.07771573575479361","0.07771573575479361","0.07771573575479361","0.07771573575479361","0.07771573575479361","0.07771573575479361","0.07771573575479361","0.07771573575479361","0.07771573575479361","0.07771573575479361","0.07771573575479361","0.07771573575479361","0.07771573575479361","0.07771573575479361","0.07771573575479361","0.07771573575479361","0.07771573575479361","0.07771573575479361","0.07771573575479361","0.07771573575479361","0.07771573575479361","0.07771573575479361","0.07771573575479361","0.07771573575479361","0.07771573575479361","0.07771573575479361","0.07771573575479361","0.07771573575479361","0.07771573575479361","0.07771573575479361","0.07771573575479361","0.07771573575479361","0.07771573575479361","0.07771573575479361","0.07771573575479361","0.07771573575479361","0.07771573575479361","0.07771573575479361","0.07771573575479361","0.07771573575479361","0.07771573575479361","0.07771573575479361","0.07771573575479361","0.07771573575479361","0.07771573575479361","0.07771573575479361","0.07771573575479361","0.07771573575479361"
"0.3333333333333333","0.3333333333333333","0.7931034482758621","0.7931034482758621","0.7931034482758621","0.8939670932358318","0.8939670932358318","0.8939670932358318","0.9042115401453463","0.9042115401453463","0.9042115401453463","0.9051423777942965","0.9051423777942965","0.9051423777942965","0.9052260603833928","0.9052260603833928","0.9052260603833928","0.9052335762408414","0.9052335762408414","0.9052335762408414","0.9052342512107703","0.9052342512107703","0.9052342512107703","0.9052342512107703","0.9052342512107703","0.9052343118267242","0.9052343118267242","0.9052343118267242","0.9052343172703613","0.9052343172703613","0.9052343172703613","0.905234317759229","0.905234317759229","0.905234317759229","0.253314825727453","0.253314825727453","0.07771573575479361","0.07771573575479361","0.07771573575479361","0.07771573575479361","0.07771573575479361","0.05027305667503029","0.05027305667503029","0.05027305667503029","0.05027305667503029","0.05027305667503029","0.05027305667503029","0.05027305667503029","0.05027305667503029","0.05027305667503029","0.05027305667503029","0.05027305667503029","0.05027305667503029","0.05027305667503029","0.05027305667503029","0.05027305667503029","0.05027305667503029","0.05027305667503029","0.05027305667503029","0.05027305667503029","0.05027305667503029","0.05027305667503029","0.05027305667503029","0.05027305667503029","0.05027305667503029","0.05027305667503029","0.05027305667503029","0.05027305667503029","0.05027305667503029","0.05027305667503029","0.05027305667503029","0.05027305667503029","0.05027305667503029","0.05027305667503029","0.05027305667503029","0.05027305667503029","0.05027305667503029","0.05027305667503029","0.05027305667503029","0.05027305667503029","0.05027305667503029","0.05027305667503029","0.05027305667503029","0.05027305667503029","0.05027305667503029","0.05027305667503029","0.05027305667503029","0.05027305667503029","0.05027305667503029","0.05027305667503029","0.05027305667503029","0.05027305667503029","0.05027305667503029","0.05027305667503029","0.05027305667503029","0.05027305667503029","0.05027305667503029","0.05027305667503029","0.05027305667503029","0.05027305667503029"
"0.5","0.5","0.5","0.5","0.5","0.5","0.5","0.5","0.5","0.5"
"0.3333333333333333","0.3333333333333333","0.10344827586206898","0.10344827586206898","0.10344827586206898","0.10344827586206898","0.10344827586206898","0.10344827586206898","0.10344827586206898","0.10344827586206898"
"0.3333333333333333","0.3333333333333333","0.10344827586206898","0.10344827586206898","0.10344827586206898","0.10344827586206898","0.10344827586206898","0.10344827586206898","0.10344827586206898","0.10344827586206898"
"0.3333333333333333","0.3333333333333333","0.10344827586206898","0.10344827586206898","0.10344827586206898","0.10344827586206898","0.10344827586206898","0.10344827586206898","0.10344827586206898","0.10344827586206898"
"0.3333333333333333","0.3333333333333333","0.10344827586206898","0.10344827586206898","0.10344827586206898","0.10344827586206898","0.10344827586206898","0.10344827586206898","0.10344827586206898","0.10344827586206898"
"0.3333333333333333","0.3333333333333333","0.7931034482758621","0.7931034482758621","0.7931034482758621","0.8939670932358318","0.8939670932358318","0.8939670932358318","0.9042115401453463","0.9042115401453463","0.9042115401453463","0.9051423777942965","0.9051423777942965","0.9051423777942965","0.9052260603833928","0.9052260603833928","0.9052260603833928","0.9052335762408414","0.9052335762408414","0.9052335762408414","0.9052342512107703","0.9052342512107703","0.9052342512107703","0.9052343118267242","0.9052343118267242","0.9052343118267242","0.9052343172703613","0.9052343172703613","0.9052343172703613","0.905234317759229","0.905234317759229","0.905234317759229","0.9052343178031319","0.9052343178031319","0.9052343178031319","0.25331482575562486","0.25331482575562486","0.25331482575562486","0.25331482575562486","0.25331482575562486","0.25331482575562486","0.25331482575562486","0.25331482575562486","0.25331482575562486","0.25331482575562486","0.25331482575562486","0.25331482575562486","0.25331482575562486","0.25331482575562486","0.25331482575562486","0.25331482575562486","0.25331482575562486","0.25331482575562486","0.25331482575562486","0.25331482575562486","0.25331482575562486","0.25331482575562486","0.25331482575562486","0.25331482575562486","0.25331482575562486","0.25331482575562486","0.25331482575562486","0.25331482575562486","0.25331482575562486","0.25331482575562486","0.25331482575562486","0.25331482575562486","0.25331482575562486","0.25331482575562486","0.25331482575562486","0.25331482575562486","0.25331482575562486","0.25331482575562486","0.25331482575562486","0.25331482575562486","0.25331482575562486","0.25331482575562486","0.25331482575562486","0.25331482575562486","0.25331482575562486","0.25331482575562486","0.25331482575562486","0.25331482575562486","0.25331482575562486","0.25331482575562486","0.25331482575562486","0.25331482575562486","0.25331482575562486","0.25331482575562486","0.25331482575562486","0.25331482575562486","0.25331482575562486","0.25331482575562486","0.25331482575562486","0.25331482575562486","0.25331482575562486","0.25331482575562486","0.25331482575562486","0.25331482575562486","0.25331482575562486"
"0.3333333333333333","0.3333333333333333","0.7931034482758621","0.7931034482758621","0.7931034482758621","0.8939670932358318","0.8939670932358318","0.8939670932358318","0.9042115401453463","0.9042115401453463","0.9042115401453463","0.9051423777942965","0.9051423777942965","0.9051423777942965","0.9052260603833928","0.9052260603833928","0.9052260603833928","0.9052335762408414","0.9052335762408414","0.9052335762408414","0.9052342512107703","0.9052342512107703","0.9052342512107703","0.9052343118267242","0.9052343118267242","0.9052343118267242","0.9052343172703613","0.9052343172703613","0.9052343172703613","0.905234317759229","0.905234317759229","0.905234317759229","0.9052343178031319","0.9052343178031319","0.9052343178031319","0.25331482575562486","0.25331482575562486","0.25331482575562486","0.25331482575562486","0.25331482575562486","0.25331482575562486","0.25331482575562486","0.25331482575562486","0.25331482575562486","0.25331482575562486","0.25331482575562486","0.25331482575562486","0.25331482575562486","0.25331482575562486","0.25331482575562486","0.25331482575562486","0.25331482575562486","0.25331482575562486","0.25331482575562486","0.25331482575562486","0.25331482575562486","0.25331482575562486","0.25331482575562486","0.25331482575562486","0.25331482575562486","0.25331482575562486","0.25331482575562486","0.25331482575562486","0.25331482575562486","0.25331482575562486","0.25331482575562486","0.25331482575562486","0.25331482575562486","0.25331482575562486","0.25331482575562486","0.25331482575562486","0.25331482575562486","0.25331482575562486","0.25331482575562486","0.25331482575562486","0.25331482575562486","0.25331482575562486","0.25331482575562486","0.25331482575562486","0.25331482575562486","0.25331482575562486","0.25331482575562486","0.25331482575562486","0.25331482575562486","0.25331482575562486","0.25331482575562486","0.25331482575562486","0.25331482575562486","0.25331482575562486","0.25331482575562486","0.25331482575562486","0.25331482575562486","0.25331482575562486","0.25331482575562486","0.25331482575562486","0.25331482575562486","0.25331482575562486","0.25331482575562486","0.25331482575562486","0.25331482575562486"
"0.3333333333333333","0.3333333333333333","0.7931034482758621","0.7931034482758621","0.7931034482758621","0.8939670932358318","0.8939670932358318","0.8939670932358318","0.9042115401453463","0.9042115401453463","0.9042115401453463","0.9051423777942965","0.9051423777942965","0.9051423777942965","0.9052260603833928","0.9052260603833928","0.9052260603833928","0.9052335762408414","0.9052335762408414","0.9052335762408414","0.9052342512107703","0.9052342512107703","0.9052342512107703","0.9052343118267242","0.9052343118267242","0.9052343118267242","0.9052343172703613","0.9052343172703613","0.9052343172703613","0.905234317759229","0.905234317759229","0.905234317759229","0.9052343178031319","0.9052343178031319","0.9052343178031319","0.25331482575562486","0.25331482575562486","0.25331482575562486","0.25331482575562486","0.25331482575562486","0.25331482575562486","0.25331482575562486","0.25331482575562486","0.25331482575562486","0.25331482575562486","0.25331482575562486","0.25331482575562486","0.25331482575562486","0.25331482575562486","0.25331482575562486","0.25331482575562486","0.25331482575562486","0.25331482575562486","0.25331482575562486","0.25331482575562486","0.25331482575562486","0.25331482575562486","0.25331482575562486","0.25331482575562486","0.25331482575562486","0.25331482575562486","0.25331482575562486","0.25331482575562486","0.25331482575562486","0.25331482575562486","0.25331482575562486","0.25331482575562486","0.25331482575562486","0.25331482575562486","0.25331482575562486","0.25331482575562486","0.25331482575562486","0.25331482575562486","0.25331482575562486","0.25331482575562486","0.25331482575562486","0.25331482575562486","0.25331482575562486","0.25331482575562486","0.25331482575562486","0.25331482575562486","0.25331482575562486","0.25331482575562486","0.25331482575562486","0.25331482575562486","0.25331482575562486","0.25331482575562486","0.25331482575562486","0.25331482575562486","0.25331482575562486","0.25331482575562486","0.25331482575562486","0.25331482575562486","0.25331482575562486","0.25331482575562486","0.25331482575562486","0.25331482575562486","0.25331482575562486","0.25331482575562486","0.25331482575562486"
"0.3333333333333333","0.3333333333333333","0.7931034482758621","0.7931034482758621","0.7931034482758621","0.8939670932358318","0.8939670932358318","0.8939670932358318","0.9042115401453463","0.9042115401453463","0.9042115401453463","0.9051423777942965","0.9051423777942965","0.9051423777942965","0.9052260603833928","0.9052260603833928","0.9052260603833928","0.9052335762408414","0.9052335762408414","0.9052335762408414","0.9052342512107703","0.9052342512107703","0.9052342512107703","0.9052343118267242","0.9052343118267242","0.9052343118267242","0.9052343172703613","0.9052343172703613","0.9052343172703613","0.905234317759229","0.905234317759229","0.905234317759229","0.9052343178031319","0.9052343178031319","0.9052343178031319","0.25331482575562486","0.25331482575562486","0.25331482575562486","0.25331482575562486","0.25331482575562486","0.25331482575562486","0.25331482575562486","0.25331482575562486","0.25331482575562486","0.25331482575562486","0.25331482575562486","0.25331482575562486","0.25331482575562486","0.25331482575562486","0.25331482575562486","0.25331482575562486","0.25331482575562486","0.25331482575562486","0.25331482575562486","0.25331482575562486","0.25331482575562486","0.25331482575562486","0.25331482575562486","0.25331482575562486","0.25331482575562486","0.25331482575562486","0.25331482575562486","0.25331482575562486","0.25331482575562486","0.25331482575562486","0.25331482575562486","0.25331482575562486","0.25331482575562486","0.25331482575562486","0.25331482575562486","0.25331482575562486","0.25331482575562486","0.25331482575562486","0.25331482575562486","0.25331482575562486","0.25331482575562486","0.25331482575562486","0.25331482575562486","0.25331482575562486","0.25331482575562486","0.25331482575562486","0.25331482575562486","0.25331482575562486","0.25331482575562486","0.25331482575562486","0.25331482575562486","0.25331482575562486","0.25331482575562486","0.25331482575562486","0.25331482575562486","0.25331482575562486","0.25331482575562486","0.25331482575562486","0.25331482575562486","0.25331482575562486","0.25331482575562486","0.25331482575562486","0.25331482575562486","0.25331482575562486","0.25331482575562486"
"0.3333333333333333","0.3333333333333333","0.7931034482758621","0.7931034482758621","0.7931034482758621","0.8939670932358318","0.8939670932358318","0.8939670932358318","0.9042115401453463","0.9042115401453463","0.9042115401453463","0.9051423777942965","0.9051423777942965","0.9051423777942965","0.9052260603833928","0.9052260603833928","0.9052260603833928","0.9052335762408414","0.9052335762408414","0.9052335762408414","0.9052342512107703","0.9052342512107703","0.9052342512107703","0.9052343118267242","0.9052343118267242","0.9052343118267242","0.9052343172703613","0.9052343172703613","0.9052343172703613","0.905234317759229","0.905234317759229","0.905234317759229","0.9052343178031319","0.9052343178031319","0.9052343178031319","0.25331482575562486","0.25331482575562486","0.25331482575562486","0.25331482575562486","0.25331482575562486","0.25331482575562486","0.25331482575562486","0.25331482575562486","0.25331482575562486","0.25331482575562486","0.25331482575562486","0.25331482575562486","0.25331482575562486","0.25331482575562486","0.25331482575562486","0.25331482575562486","0.25331482575562486","0.25331482575562486","0.25331482575562486","0.25331482575562486","0.25331482575562486","0.25331482575562486","0.25331482575562486","0.25331482575562486","0.25331482575562486","0.25331482575562486","0.25331482575562486","0.25331482575562486","0.25331482575562486","0.25331482575562486","0.25331482575562486","0.25331482575562486","0.25331482575562486","0.25331482575562486","0.25331482575562486","0.25331482575562486","0.25331482575562486","0.25331482575562486","0.25331482575562486","0.25331482575562486","0.25331482575562486","0.25331482575562486","0.25331482575562486","0.25331482575562486","0.25331482575562486","0.25331482575562486","0.25331482575562486","0.25331482575562486","0.25331482575562486","0.25331482575562486","0.25331482575562486","0.25331482575562486","0.25331482575562486","0.25331482575562486","0.25331482575562486","0.25331482575562486","0.25331482575562486","0.25331482575562486","0.25331482575562486","0.25331482575562486","0.25331482575562486","0.25331482575562486","0.25331482575562486","0.25331482575562486","0.25331482575562486"
"0.3333333333333333","0.3333333333333333","0.7931034482758621","0.7931034482758621","0.7931034482758621","0.8939670932358318","0.8939670932358318","0.8939670932358318","0.9042115401453463","0.9042115401453463","0.9042115401453463","0.9051423777942965","0.9051423777942965","0.9051423777942965","0.9052260603833928","0.9052260603833928","0.9052260603833928","0.9052335762408414","0.9052335762408414","0.9052335762408414","0.9052342512107703","0.9052342512107703","0.9052342512107703","0.9052343118267242","0.9052343118267242","0.9052343118267242","0.9052343172703613","0.9052343172703613","0.9052343172703613","0.905234317759229","0.905234317759229","0.905234317759229","0.9052343178031319","0.9052343178031319","0.9052343178031319","0.25331482575562486","0.25331482575562486","0.25331482575562486","0.25331482575562486","0.25331482575562486","0.25331482575562486","0.25331482575562486","0.25331482575562486","0.25331482575562486","0.25331482575562486","0.25331482575562486","0.25331482575562486","0.25331482575562486","0.25331482575562486","0.25331482575562486","0.25331482575562486","0.25331482575562486","0.25331482575562486","0.25331482575562486","0.25331482575562486","0.25331482575562486","0.25331482575562486","0.25331482575562486","0.25331482575562486","0.25331482575562486","0.25331482575562486","0.25331482575562486","0.25331482575562486","0.25331482575562486","0.25331482575562486","0.25331482575562486","0.25331482575562486","0.25331482575562486","0.25331482575562486","0.25331482575562486","0.25331482575562486","0.25331482575562486","0.25331482575562486","0.25331482575562486","0.25331482575562486","0.25331482575562486","0.25331482575562486","0.25331482575562486","0.25331482575562486","0.25331482575562486","0.25331482575562486","0.25331482575562486","0.25331482575562486","0.25331482575562486","0.25331482575562486","0.25331482575562486","0.25331482575562486","0.25331482575562486","0.25331482575562486","0.25331482575562486","0.25331482575562486","0.25331482575562486","0.25331482575562486","0.25331482575562486","0.25331482575562486","0.25331482575562486","0.25331482575562486","0.25331482575562486","0.25331482575562486","0.25331482575562486"
"0.3333333333333333","0.3333333333333333","0.7931034482758621","0.7931034482758621","0.7931034482758621","0.8939670932358318","0.8939670932358318","0.8939670932358318","0.9042115401453463","0.9042115401453463","0.9042115401453463","0.9051423777942965","0.9051423777942965","0.9051423777942965","0.9052260603833928","0.9052260603833928","0.9052260603833928","0.9052335762408414","0.9052335762408414","0.9052335762408414","0.9052342512107703","0.9052342512107703","0.9052342512107703","0.9052343118267242","0.9052343118267242","0.9052343118267242","0.9052343172703613","0.9052343172703613","0.9052343172703613","0.905234317759229","0.905234317759229","0.905234317759229","0.9052343178031319","0.9052343178031319","0.9052343178031319","0.25331482575562486","0.25331482575562486","0.25331482575562486","0.25331482575562486","0.25331482575562486","0.25331482575562486","0.25331482575562486","0.25331482575562486","0.25331482575562486","0.25331482575562486","0.25331482575562486","0.25331482575562486","0.25331482575562486","0.25331482575562486","0.25331482575562486","0.25331482575562486","0.25331482575562486","0.25331482575562486","0.25331482575562486","0.25331482575562486","0.25331482575562486","0.25331482575562486","0.25331482575562486","0.25331482575562486","0.25331482575562486","0.25331482575562486","0.25331482575562486","0.25331482575562486","0.25331482575562486","0.25331482575562486","0.25331482575562486","0.25331482575562486","0.25331482575562486","0.25331482575562486","0.25331482575562486","0.25331482575562486","0.25331482575562486","0.25331482575562486","0.25331482575562486","0.25331482575562486","0.25331482575562486","0.25331482575562486","0.25331482575562486","0.25331482575562486","0.25331482575562486","0.25331482575562486","0.25331482575562486","0.25331482575562486","0.25331482575562486","0.25331482575562486","0.25331482575562486","0.25331482575562486","0.25331482575562486","0.25331482575562486","0.25331482575562486","0.25331482575562486","0.25331482575562486","0.25331482575562486","0.25331482575562486","0.25331482575562486","0.25331482575562486","0.25331482575562486","0.25331482575562486","0.25331482575562486","0.25331482575562486"
"0.3333333333333333","0.3333333333333333","0.7931034482758621","0.7931034482758621","0.7931034482758621","0.8939670932358318","0.8939670932358318","0.8939670932358318","0.9042115401453463","0.9042115401453463","0.9042115401453463","0.9051423777942965","0.9051423777942965","0.9051423777942965","0.9052260603833928","0.9052260603833928","0.9052260603833928","0.9052335762408414","0.9052335762408414","0.9052335762408414","0.9052342512107703","0.9052342512107703","0.9052342512107703","0.9052343118267242","0.9052343118267242","0.9052343118267242","0.9052343172703613","0.9052343172703613","0.9052343172703613","0.905234317759229","0.905234317759229","0.905234317759229","0.9052343178031319","0.9052343178031319","0.9052343178031319","0.25331482575562486","0.25331482575562486","0.25331482575562486","0.25331482575562486","0.25331482575562486","0.25331482575562486","0.25331482575562486","0.25331482575562486","0.25331482575562486","0.25331482575562486","0.25331482575562486","0.25331482575562486","0.25331482575562486","0.25331482575562486","0.25331482575562486","0.25331482575562486","0.25331482575562486","0.25331482575562486","0.25331482575562486","0.25331482575562486","0.25331482575562486","0.25331482575562486","0.25331482575562486","0.25331482575562486","0.25331482575562486","0.25331482575562486","0.25331482575562486","0.25331482575562486","0.25331482575562486","0.25331482575562486","0.25331482575562486","0.25331482575562486","0.25331482575562486","0.25331482575562486","0.25331482575562486","0.25331482575562486","0.25331482575562486","0.25331482575562486","0.25331482575562486","0.25331482575562486","0.25331482575562486","0.25331482575562486","0.25331482575562486","0.25331482575562486","0.25331482575562486","0.25331482575562486","0.25331482575562486","0.25331482575562486","0.25331482575562486","0.25331482575562486","0.25331482575562486","0.25331482575562486","0.25331482575562486","0.25331482575562486","0.25331482575562486","0.25331482575562486","0.25331482575562486","0.25331482575562486","0.25331482575562486","0.25331482575562486","0.25331482575562486","0.25331482575562486","0.25331482575562486","0.25331482575562486","0.25331482575562486"
"0.3333333333333333","0.3333333333333333","0.7931034482758621","0.7931034482758621","0.7931034482758621","0.8939670932358318","0.8939670932358318","0.8939670932358318","0.9042115401453463","0.9042115401453463","0.9042115401453463","0.9051423777942965","0.9051423777942965","0.9051423777942965","0.9052260603833928","0.9052260603833928","0.9052260603833928","0.9052335762408414","0.9052335762408414","0.9052335762408414","0.9052342512107703","0.9052342512107703","0.9052342512107703","0.9052343118267242","0.9052343118267242","0.9052343118267242","0.9052343172703613","0.9052343172703613","0.9052343172703613","0.905234317759229","0.905234317759229","0.905234317759229","0.9052343178031319","0.9052343178031319","0.9052343178031319","0.25331482575562486","0.25331482575562486","0.25331482575562486","0.25331482575562486","0.25331482575562486","0.25331482575562486","0.25331482575562486","0.25331482575562486","0.25331482575562486","0.25331482575562486","0.25331482575562486","0.25331482575562486","0.25331482575562486","0.25331482575562486","0.25331482575562486","0.25331482575562486","0.25331482575562486","0.25331482575562486","0.25331482575562486","0.25331482575562486","0.25331482575562486","0.25331482575562486","0.25331482575562486","0.25331482575562486","0.25331482575562486","0.25331482575562486","0.25331482575562486","0.25331482575562486","0.25331482575562486","0.25331482575562486","0.25331482575562486","0.25331482575562486","0.25331482575562486","0.25331482575562486","0.25331482575562486","0.25331482575562486","0.25331482575562486","0.25331482575562486","0.25331482575562486","0.25331482575562486","0.25331482575562486","0.25331482575562486","0.25331482575562486","0.25331482575562486","0.25331482575562486","0.25331482575562486","0.25331482575562486","0.25331482575562486","0.25331482575562486","0.25331482575562486","0.25331482575562486","0.25331482575562486","0.25331482575562486","0.25331482575562486","0.25331482575562486","0.25331482575562486","0.25331482575562486","0.25331482575562486","0.25331482575562486","0.25331482575562486","0.25331482575562486","0.25331482575562486","0.25331482575562486","0.25331482575562486","0.25331482575562486"
"0.3333333333333333","0.3333333333333333","0.7931034482758621","0.7931034482758621","0.7931034482758621","0.8939670932358318","0.8939670932358318","0.8939670932358318","0.9042115401453463","0.9042115401453463","0.9042115401453463","0.9051423777942965","0.9051423777942965","0.9051423777942965","0.9052260603833928","0.9052260603833928","0.9052260603833928","0.9052335762408414","0.9052335762408414","0.9052335762408414","0.9052342512107703","0.9052342512107703","0.9052342512107703","0.9052343118267242","0.9052343118267242","0.9052343118267242","0.9052343172703613","0.9052343172703613","0.9052343172703613","0.905234317759229","0.905234317759229","0.905234317759229","0.9052343178031319","0.9052343178031319","0.9052343178031319","0.25331482575562486","0.25331482575562486","0.25331482575562486","0.25331482575562486","0.25331482575562486","0.25331482575562486","0.25331482575562486","0.25331482575562486","0.25331482575562486","0.25331482575562486","0.25331482575562486","0.25331482575562486","0.25331482575562486","0.25331482575562486","0.25331482575562486","0.25331482575562486","0.25331482575562486","0.25331482575562486","0.25331482575562486","0.25331482575562486","0.25331482575562486","0.25331482575562486","0.25331482575562486","0.25331482575562486","0.25331482575562486","0.25331482575562486","0.25331482575562486","0.25331482575562486","0.25331482575562486","0.25331482575562486","0.25331482575562486","0.25331482575562486","0.25331482575562486","0.25331482575562486","0.25331482575562486","0.25331482575562486","0.25331482575562486","0.25331482575562486","0.25331482575562486","0.25331482575562486","0.25331482575562486","0.25331482575562486","0.25331482575562486","0.25331482575562486","0.25331482575562486","0.25331482575562486","0.25331482575562486","0.25331482575562486","0.25331482575562486","0.25331482575562486","0.25331482575562486","0.25331482575562486","0.25331482575562486","0.25331482575562486","0.25331482575562486","0.25331482575562486","0.25331482575562486","0.25331482575562486","0.25331482575562486","0.25331482575562486","0.25331482575562486","0.25331482575562486","0.25331482575562486","0.25331482575562486","0.25331482575562486"
"0.3333333333333333","0.3333333333333333","0.7931034482758621","0.7931034482758621","0.7931034482758621","0.8939670932358318","0.8939670932358318","0.8939670932358318","0.9042115401453463","0.9042115401453463","0.9042115401453463","0.9051423777942965","0.9051423777942965","0.9051423777942965","0.9052260603833928","0.9052260603833928","0.9052260603833928","0.9052335762408414","0.9052335762408414","0.9052335762408414","0.9052342512107703","0.9052342512107703","0.9052342512107703","0.9052343118267242","0.9052343118267242","0.9052343118267242","0.9052343172703613","0.9052343172703613","0.9052343172703613","0.905234317759229","0.905234317759229","0.905234317759229","0.9052343178031319","0.9052343178031319","0.9052343178031319","0.25331482575562486","0.25331482575562486","0.25331482575562486","0.25331482575562486","0.25331482575562486","0.25331482575562486","0.25331482575562486","0.25331482575562486","0.25331482575562486","0.25331482575562486","0.25331482575562486","0.25331482575562486","0.25331482575562486","0.25331482575562486","0.25331482575562486","0.25331482575562486","0.25331482575562486","0.25331482575562486","0.25331482575562486","0.25331482575562486","0.25331482575562486","0.25331482575562486","0.25331482575562486","0.25331482575562486","0.25331482575562486","0.25331482575562486","0.25331482575562486","0.25331482575562486","0.25331482575562486","0.25331482575562486","0.25331482575562486","0.25331482575562486","0.25331482575562486","0.25331482575562486","0.25331482575562486","0.25331482575562486","0.25331482575562486","0.25331482575562486","0.25331482575562486","0.25331482575562486","0.25331482575562486","0.25331482575562486","0.25331482575562486","0.25331482575562486","0.25331482575562486","0.25331482575562486","0.25331482575562486","0.25331482575562486","0.25331482575562486","0.25331482575562486","0.25331482575562486","0.25331482575562486","0.25331482575562486","0.25331482575562486","0.25331482575562486","0.25331482575562486","0.25331482575562486","0.25331482575562486","0.25331482575562486","0.25331482575562486","0.25331482575562486","0.25331482575562486","0.25331482575562486","0.25331482575562486","0.25331482575562486"
