"0.0","0.008888888888888889","-0.1172148148148148","-0.1172148148148148","-0.1045392844759653","-0.02156816145648214","-0.02156816145648214","-0.010220429047577419","0.10629819788560946","0.10629819788560946","0.11555579093235999","0.11555579093235999","0.12466224195969","0.12466224195969","0.1336183978219067","0.22887166381611856","0.22887166381611856","0.23610586330300853","0.23610586330300853","0.24322052507461348","0.3191406588176011","0.3191406588176011","0.32488323926974727","0.3861802782225614","0.3861802782225614","0.3908150843040748","0.4402889245838598","0.4402889245838598","0.4440296299412949","0.4839595648395473","0.4839595648395473","0.486978648908379","0.5192056876283802","0.5192056876283802","0.5216423586068898","0.5476524628992022","0.549619074393592","0.1435003882212349","0.1521452792014594","-0.3858166636221836","-0.3684252452075891","-0.5794303278727645","-0.5588396034465104","-0.5588396034465104","-0.5588396034465104","-0.5385891237477982","-0.5385891237477982","-0.5385891237477982","-0.5186732665133106","-0.5186732665133106","-0.5186732665133106","-0.49908650238299146","-0.49908650238299146","-0.49908650238299146","-0.47982339336489616","-0.47982339336489616","-0.47982339336489616","-0.460878591325409","-0.460878591325409","-0.460878591325409","-0.4422468365044083","-0.4422468365044083","-0.4422468365044083","-0.42392295605496777","-0.42392295605496777","-0.42392295605496777","-0.40590186260718714","-0.40590186260718714","-0.3881785528557553","-0.3956049025573796","-0.3956049025573796","-0.3780517415726512","-0.3780517415726512","-0.3707892242153688","0.13577544526358382","0.13577544526358382","0.1416039784737923","0.4572943201426634","0.4572943201426634","0.46008142180245876","0.46008142180245876","0.461395276060228","0.461395276060228","0.4624832804743873","0.58758989699061","0.58758989699061","0.5883639053545463","0.5883639053545463","0.5888175861277398","0.5888175861277398","0.589220148472385","0.589220148472385","0.5896101608932167","0.6369043205073732","0.6369043205073732","0.637190114656579","0.6552843900682951","0.6552843900682951","0.6554264468225925","0.6623263862210095"
"0.0","0.008888888888888889","-0.1172148148148148","-0.1172148148148148","-0.1045392844759653","-0.02156816145648214","-0.02156816145648214","-0.010220429047577419","0.10629819788560946","0.10629819788560946","0.11555579093235999","0.21403676143132083","0.21403676143132083","0.2215159316800275","0.2215159316800275","0.2288716638161186","0.30736442099052713","0.30736442099052713","0.3133015927361719","0.3766757383647344","0.3766757383647344","0.38146759901620064","0.4326179060038767","0.4326179060038767","0.4364853686037259","0.4364853686037259","0.44028892458385993","0.4808897546916105","0.4808897546916105","0.4839595648395474","0.5167280761652293","0.5167280761652293","0.5192056876283803","0.5192056876283803","0.5216423586068899","0.5476524628992022","0.549619074393592","0.549619074393592","0.549619074393592","0.551553189256089","0.14478870073618558","0.15341230341534967","0.15341230341534967","0.15341230341534967","0.16189340817733214","0.16189340817733214","0.16189340817733214","0.17023436968261033","-0.3796121606928609","-0.36232326656857394","-0.36232326656857394","-0.36232326656857394","-0.3453200571511019","-0.3453200571511019","-0.3453200571511019","-0.32859781173644126","-0.32859781173644126","-0.32859781173644126","-0.3121518876263262","-0.3121518876263262","-0.3121518876263262","-0.2959777188392481","-0.2959777188392481","-0.2959777188392481","-0.2800708148427745","-0.2800708148427745","-0.2800708148427745","-0.26442675930681525","-0.2751531568364113","-0.2751531568364113","-0.2595903615404456","0.1926785874048203","0.1926785874048203","0.20051084923048781","0.20051084923048781","0.20375140160194832","0.20375140160194832","0.2062708569506835","0.4830806812640154","0.4830806812640154","0.4848960618260014","0.5962699878725999","0.5962699878725999","0.5971607047625739","0.639820646625137","0.639820646625137","0.6402039647578832","0.6564481786778765","0.6564481786778765","0.6566037332363599","0.6566037332363599","0.6566711459502389","0.6566711459502389","0.6567249313628835","0.6628277809568237","0.6628277809568237","0.6628655744349123","0.6651989218880292","0.6651989218880292","0.6652174544750462"
"0.0","0.008888888888888889","-0.1172148148148148","-0.1172148148148148","-0.1045392844759653","-0.02156816145648214","-0.02156816145648214","-0.010220429047577419","0.10629819788560946","0.10629819788560946","0.11555579093235999","0.21403676143132083","0.21403676143132083","0.2215159316800275","0.30132750632069044","0.30132750632069044","0.30736442099052713","0.3718033667778747","0.3718033667778747","0.3766757383647344","0.3766757383647344","0.38146759901620064","0.4326179060038767","0.4326179060038767","0.4364853686037259","0.4777683661751764","0.4777683661751764","0.48088975469161044","0.5142088363432096","0.5142088363432096","0.5167280761652292","0.5436195568318856","0.5436195568318856","0.5456528087706607","0.5673566397510764","0.5689976559849195","0.15640844815586732","0.16484004409874198","0.16484004409874198","0.16484004409874198","0.17313231487728847","-0.3786181742021363","-0.36134570488426787","-0.36134570488426787","-0.36134570488426787","-0.34435864886684364","-0.34435864886684364","-0.34435864886684364","-0.3276522899306265","-0.5675041396049048","-0.5471104855970492","-0.5471104855970492","-0.5471104855970492","-0.5270538198907145","-0.5270538198907145","-0.5270538198907145","-0.5073285740323359","-0.5073285740323359","-0.5073285740323359","-0.4879292715824477","-0.4879292715824477","-0.4879292715824477","-0.468850526595227","-0.468850526595227","-0.468850526595227","-0.45008704212316064","-0.45008704212316064","-0.45008704212316064","-0.43163360874642126","-0.43790115695762777","-0.43790115695762777","-0.41964908527619227","-0.41964908527619227","-0.41209739771928366","-0.41209739771928366","-0.40622613337102226","0.11764152347496666","0.11764152347496666","0.12307053032865331","0.4499039806373294","0.4499039806373294","0.4526466410706046","0.5837803330342809","0.5837803330342809","0.5849638170139917","0.6351097141529769","0.6351097141529769","0.6355901010576475","0.6546665499173181","0.6546665499173181","0.6548557951184463","0.6548557951184463","0.6549361455456565","0.662137062073058","0.662137062073058","0.6621862958121485","0.6621862958121485","0.6622130483209097","0.6622130483209097","0.6622362553777494"
"0.0","0.008888888888888889","0.008888888888888889","0.019525295508274233","-0.10856387076438137","-0.10856387076438137","-0.09578173836638999","-0.013752806514557698","-0.013752806514557698","-0.002511905331273455","0.11267978450296064","0.11267978450296064","0.12183375811214626","0.21919288484454708","0.21919288484454708","0.2265870033269213","0.2265870033269213","0.23385895493439526","0.3114575350895229","0.3114575350895229","0.3173270727009677","0.3799792699188505","0.3799792699188505","0.3847165425351656","0.43528415316359415","0.43528415316359415","0.4391075582375042","0.47992026630587975","0.47992026630587975","0.48300609644926806","0.515945612292197","0.515945612292197","0.5184361533250794","0.545021290416225","0.545021290416225","0.5470313798643791","0.5684879641696392","0.5701102862011521","0.15714957034107005","0.16556891985148534","-0.38121239565628817","-0.36389705896991054","-0.36389705896991054","-0.36389705896991054","-0.34686784393186315","-0.34686784393186315","-0.34686784393186315","-0.33012002261804463","-0.33012002261804463","-0.33012002261804463","-0.3136489452293974","-0.3136489452293974","-0.3136489452293974","-0.2974500388009558","-0.5586699079307006","-0.5384222323103368","-0.5384222323103368","-0.5384222323103368","-0.5185091328191171","-0.5185091328191171","-0.5185091328191171","-0.4989250808626345","-0.6184133433209447","-0.5971784567372378","-0.6467077366485965","-0.6250053085666188","-0.6250053085666188","-0.6250053085666188","-0.6036614951976008","-0.6053416331034426","-0.6053416331034426","-0.5843227457429486","0.02650518804050502","0.02650518804050502","0.03708332814713984","0.41561599427566265","0.41561599427566265","0.4197643994438652","0.5710455973829607","0.5710455973829607","0.5726256566364478","0.5726256566364478","0.5732793968809524","0.6305967174477726","0.6305967174477726","0.6309927211646116","0.6309927211646116","0.6312063931644163","0.6312063931644163","0.6313913195184704","0.6530452038101243","0.6530452038101243","0.6531777143555098","0.6614580642762622","0.6614580642762622","0.6615234642630105","0.6615234642630105","0.661555518017558","0.661555518017558","0.6615824569114841"
"0.0","0.008888888888888889","-0.1172148148148148","-0.1172148148148148","-0.1045392844759653","-0.02156816145648214","-0.02156816145648214","-0.010220429047577419","0.10629819788560946","0.10629819788560946","0.11555579093235999","0.21403676143132083","0.21403676143132083","0.2215159316800275","0.2215159316800275","0.2288716638161186","0.30736442099052713","0.30736442099052713","0.3133015927361719","0.3133015927361719","0.3191406588176011","0.38146759901620064","0.38146759901620064","0.3861802782225614","0.43648536860372583","0.43648536860372583","0.4402889245838598","0.48088975469161044","0.48088975469161044","0.4839595648395473","0.5167280761652292","0.5167280761652292","0.5192056876283802","0.5192056876283802","0.5216423586068898","0.5216423586068898","0.5216423586068898","0.5240387656084737","0.549619074393592","0.5515531892560889","0.1447887007361855","0.15341230341534962","0.15341230341534962","0.15341230341534962","0.16189340817733205","0.16189340817733205","0.16189340817733205","0.17023436968261024","0.17023436968261024","0.17023436968261024","0.17843750368284042","0.17843750368284042","0.17843750368284042","0.18650508766379398","0.18650508766379398","0.18650508766379398","0.19443936147766952","0.19443936147766952","0.19443936147766952","0.2022425279649566","0.2022425279649566","0.2022425279649566","0.20991675356602374","0.20991675356602374","0.20991675356602374","0.21746416892260037","-0.3634124834320728","-0.34639127560486616","-0.34639127560486616","-0.3393488507450618","-0.3393488507450618","-0.333873526495603","-0.342748010233498","-0.342748010233498","-0.3327664651857707","-0.3327664651857707","-0.32695982781439037","-0.32695982781439037","-0.3218181795297274","-0.3218181795297274","-0.3168395296443874","0.16338280620956191","0.16338280620956191","0.16821587540341953","0.4679059964832307","0.4679059964832307","0.4703866965189743","0.5906507562596561","0.5906507562596561","0.591728508773754","0.591728508773754","0.5922162781235292","0.5922162781235292","0.5926135050181611","0.5926135050181611","0.592989019543819","0.592989019543819","0.593358498939766","0.593358498939766","0.5937252661031382"
"0.0","0.008888888888888889","-0.1172148148148148","-0.1172148148148148","-0.1045392844759653","-0.02156816145648214","-0.02156816145648214","-0.010220429047577419","0.10629819788560946","0.10629819788560946","0.11555579093235999","0.21403676143132083","0.21403676143132083","0.2215159316800275","0.30132750632069044","0.30132750632069044","0.30736442099052713","0.3718033667778747","0.3718033667778747","0.3766757383647344","0.4286854631106236","0.4286854631106236","0.4326179060038766","0.4326179060038766","0.43648536860372583","0.47776836617517626","0.47776836617517626","0.48088975469161044","0.5142088363432096","0.5142088363432096","0.5167280761652292","0.5436195568318856","0.5436195568318856","0.5456528087706607","0.5456528087706607","0.5456528087706607","0.5476524628992022","0.5689976559849195","0.5706115557798356","0.5706115557798356","0.5706115557798356","0.5721987872125982","0.5721987872125982","0.5721987872125982","0.5737597909558825","0.5737597909558825","0.5737597909558825","0.5752950004006112","0.5752950004006112","0.5752950004006112","0.5768048417762799","0.5768048417762799","0.5768048417762799","0.5782897342692933","0.5782897342692933","0.5782897342692933","0.5797500901393471","0.5797500901393471","0.5797500901393471","0.5811863148338854","0.5811863148338854","0.5811863148338854","0.582598807100668","0.582598807100668","0.582598807100668","0.5839879590984772","0.5839879590984772","0.5839879590984772","0.585354156505995","0.551966934554724","0.551966934554724","0.553862252965756","0.6089419253107524","0.6089419253107524","0.609895779021214","0.609895779021214","0.6102904303968016","0.644186255962493","0.644186255962493","0.6444330632463319","0.6444330632463319","0.644566233223435","0.644566233223435","0.6446814876243749","0.6446814876243749","0.6447924073090436","0.6447924073090436","0.6449019849894583","0.6582375738195113","0.6582375738195113","0.6583183586995233","0.6583183586995233","0.6583664590169157","0.6634607900078912","0.6634607900078912","0.6634932177617332","0.6654412494878057","0.6654412494878057","0.6654569220273288","0.6654569220273288"
"0.0","0.008888888888888889","-0.1172148148148148","-0.1172148148148148","-0.1045392844759653","-0.02156816145648214","-0.02156816145648214","-0.010220429047577419","0.10629819788560946","0.10629819788560946","0.11555579093235999","0.21403676143132083","0.21403676143132083","0.2215159316800275","0.30132750632069044","0.30132750632069044","0.30736442099052713","0.3718033667778747","0.3718033667778747","0.3766757383647344","0.4286854631106236","0.4286854631106236","0.4326179060038766","0.4745945326862099","0.4745945326862099","0.47776836617517626","0.5116472687309974","0.5116472687309974","0.5142088363432096","0.541552142578867","0.541552142578867","0.5436195568318856","0.5656880514730342","0.5656880514730342","0.5673566397510763","0.585167889443045","0.5865145894754193","0.5865145894754193","0.5865145894754193","0.5878390364011956","0.5878390364011956","0.5878390364011956","0.5891415979345944","0.5891415979345944","0.5891415979345944","0.5904226357136628","0.17067961177818813","0.17887538852024887","-0.3766483174266272","-0.35940839836624383","-0.35940839836624383","-0.35940839836624383","-0.34245335474016364","-0.5718334869432398","-0.5513682940436447","-0.5513682940436447","-0.5513682940436447","-0.5312412715667153","-0.5312412715667153","-0.5312412715667153","-0.5114468315253102","-0.5114468315253102","-0.5114468315253102","-0.49197947826916405","-0.49197947826916405","-0.49197947826916405","-0.47283380695909616","-0.47283380695909616","-0.454004502066433","-0.454004502066433","-0.4462139876555243","-0.4520927257624881","-0.4520927257624881","-0.43981012245295803","0.10045578561372781","0.10045578561372781","0.10799301444349557","0.10799301444349557","0.11154610342213662","0.11154610342213662","0.11448842101162778","0.4464818057118639","0.4464818057118639","0.44863698889257964","0.5822274626089456","0.5822274626089456","0.5832907468451114","0.5832907468451114","0.583810866341698","0.6346643978663251","0.6346643978663251","0.634999059893371","0.634999059893371","0.6351859721724945","0.6351859721724945","0.635349524658259","0.635349524658259","0.6355073952141439","0.6546346133194847","0.6546346133194847"
"0.0","0.008888888888888889","-0.1172148148148148","-0.1172148148148148","-0.1045392844759653","-0.02156816145648214","-0.02156816145648214","-0.010220429047577419","0.10629819788560946","0.10629819788560946","0.11555579093235999","0.11555579093235999","0.12466224195969","0.22151593168002748","0.22151593168002748","0.22887166381611856","0.30736442099052713","0.30736442099052713","0.3133015927361719","0.3766757383647344","0.3766757383647344","0.38146759901620064","0.4326179060038767","0.4326179060038767","0.4364853686037259","0.4777683661751764","0.4777683661751764","0.48088975469161044","0.5142088363432096","0.5142088363432096","0.5167280761652292","0.5436195568318856","0.5436195568318856","0.5456528087706607","0.5673566397510764","0.5689976559849195","0.15640844815586732","0.16484004409874198","0.16484004409874198","0.16484004409874198","0.17313231487728847","0.17313231487728847","0.17313231487728847","0.1812875627248616","0.1812875627248616","0.1812875627248616","0.18930805183231014","0.18930805183231014","0.18930805183231014","0.19719600897659775","0.19719600897659775","0.19719600897659775","0.20495362413903653","0.20495362413903653","0.20495362413903653","0.21258305111330483","0.21258305111330483","0.21258305111330483","0.22008640810341798","0.22008640810341798","0.22008640810341798","0.22746577831181808","0.22746577831181808","0.22746577831181808","0.2347232105177462","0.2347232105177462","0.2347232105177462","0.2418607196460573","0.21763332267771798","0.21763332267771798","0.2250532280982372","0.2250532280982372","0.22812317042673272","0.4422533741080246","0.4422533741080246","0.44471715628365255","0.5781627778097324","0.5781627778097324","0.5793409149401926","0.5793409149401926","0.5798962949277331","0.6330619702774904","0.6330619702774904","0.6334163508006763","0.6538240468154766","0.6538240468154766","0.6539916375682373","0.6539916375682373","0.6540716804519309","0.6540716804519309","0.6541383059198467","0.6541383059198467","0.6542017134767765","0.6618533647260418","0.6618533647260418","0.6618996695627889","0.6618996695627889","0.6619271625930879","0.6619271625930879","0.6619516428374299"
"0.0","0.008888888888888889","-0.1172148148148148","-0.1172148148148148","-0.1045392844759653","-0.1045392844759653","-0.09182351013832092","-0.010220429047577426","-0.010220429047577426","0.0009621153313920614","0.11555579093235999","0.11555579093235999","0.12466224195969","0.22151593168002748","0.22151593168002748","0.22887166381611856","0.30736442099052713","0.30736442099052713","0.3133015927361719","0.3766757383647344","0.3766757383647344","0.38146759901620064","0.4326179060038767","0.4326179060038767","0.4364853686037259","0.4777683661751764","0.4777683661751764","0.48088975469161044","0.48088975469161044","0.4839595648395473","0.5167280761652292","0.5167280761652292","0.5192056876283802","0.5456528087706607","0.5456528087706607","0.5476524628992021","0.5689976559849195","0.5706115557798355","0.15748346564618543","0.1658972978122487","-0.38109976301605497","-0.3637862874911011","-0.3637862874911011","-0.3637862874911011","-0.3467589028603209","-0.3467589028603209","-0.3467589028603209","-0.3300128817078002","-0.3300128817078002","-0.3300128817078002","-0.31354357473427097","-0.31354357473427097","-0.31354357473427097","-0.29734640946629864","-0.29734640946629864","-0.29734640946629864","-0.2814168889867985","-0.2814168889867985","-0.2814168889867985","-0.2657505906865293","-0.2657505906865293","-0.2657505906865293","-0.25034316503621745","-0.25034316503621745","-0.25034316503621745","-0.23519033437897102","-0.23519033437897102","-0.23519033437897102","-0.22028789174264776","-0.22028789174264776","-0.21412209354787454","-0.22618994883104232","-0.22618994883104232","-0.21638748040515832","0.21478654450991214","0.21478654450991214","0.22080183668865855","0.488875009052767","0.488875009052767","0.4914819990620435","0.5988206098973763","0.5988206098973763","0.5998685661378838","0.6408665324565074","0.6408665324565074","0.6412767451781898","0.6412767451781898","0.6414501108700716","0.6414501108700716","0.6415865895132652","0.6569820748198719","0.6569820748198719","0.6570776328716503","0.6570776328716503","0.6571333116717359","0.6629854722736744","0.6629854722736744","0.6630228257176405","0.6652596425270156","0.6652596425270156"
"0.0","0.008888888888888889","-0.1172148148148148","-0.1172148148148148","-0.1045392844759653","-0.02156816145648214","-0.02156816145648214","-0.010220429047577419","0.10629819788560946","0.10629819788560946","0.11555579093235999","0.21403676143132083","0.21403676143132083","0.2215159316800275","0.30132750632069044","0.30132750632069044","0.30736442099052713","0.3718033667778747","0.3718033667778747","0.3766757383647344","0.4286854631106236","0.4286854631106236","0.4326179060038766","0.4326179060038766","0.43648536860372583","0.47776836617517626","0.47776836617517626","0.48088975469161044","0.5142088363432096","0.5142088363432096","0.5167280761652292","0.5436195568318856","0.5436195568318856","0.5456528087706607","0.5673566397510764","0.5689976559849195","0.15640844815586732","0.16484004409874198","0.16484004409874198","0.16484004409874198","0.17313231487728847","0.17313231487728847","0.17313231487728847","0.1812875627248616","0.1812875627248616","0.1812875627248616","0.18930805183231014","0.18930805183231014","0.18930805183231014","0.19719600897659775","0.19719600897659775","0.19719600897659775","0.20495362413903653","0.20495362413903653","0.20495362413903653","0.21258305111330483","0.21258305111330483","0.21258305111330483","0.22008640810341798","0.22008640810341798","0.22008640810341798","0.22746577831181808","0.22746577831181808","0.22746577831181808","0.2347232105177462","0.2347232105177462","0.2347232105177462","0.2418607196460573","0.2418607196460573","0.24481382216572423","0.24481382216572423","0.2471097918294346","0.2471097918294346","0.24924698826888758","0.22482262413727278","0.22482262413727278","0.229083390624523","0.229083390624523","0.23160867837715","0.23160867837715","0.23385616777409282","0.4451870872333634","0.4451870872333634","0.447334025541889","0.447334025541889","0.4486015396029407","0.4486015396029407","0.44972844058090644","0.580161061778502","0.580161061778502","0.5809997216225586","0.5809997216225586","0.5814948041274841","0.6336810458358453","0.6336810458358453","0.6340151098545539","0.6340151098545539","0.6342060692511402","0.6342060692511402","0.6343743199056671"
"0.0","0.008888888888888889","-0.1172148148148148","-0.1172148148148148","-0.1045392844759653","-0.02156816145648214","-0.02156816145648214","-0.010220429047577419","0.10629819788560946","0.10629819788560946","0.11555579093235999","0.21403676143132083","0.21403676143132083","0.2215159316800275","0.30132750632069044","0.30132750632069044","0.30736442099052713","0.3718033667778747","0.3718033667778747","0.3766757383647344","0.4286854631106236","0.4286854631106236","0.4326179060038766","0.4745945326862099","0.4745945326862099","0.47776836617517626","0.5116472687309974","0.5116472687309974","0.5142088363432096","0.541552142578867","0.541552142578867","0.5436195568318856","0.5656880514730342","0.5656880514730342","0.5673566397510763","0.585167889443045","0.5865145894754193","0.5865145894754193","0.5865145894754193","0.5878390364011956","0.5878390364011956","0.5878390364011956","0.5891415979345944","0.5891415979345944","0.5891415979345944","0.5904226357136628","0.5904226357136628","0.5904226357136628","0.5916825054006773","0.5916825054006773","0.5916825054006773","0.592921556780889","0.592921556780889","0.592921556780889","0.5941401338596365","0.5941401338596365","0.5941401338596365","0.5953385749578539","0.17395411536627053","0.18209578363899828","-0.3755437317108594","-0.3583220650178104","-0.3583220650178104","-0.3583220650178104","-0.3413849721537581","-0.3413849721537581","-0.3413849721537581","-0.3247277507710382","-0.3247277507710382","-0.31783592316680515","-0.3271380763268015","-0.3271380763268015","-0.3162273215139955","0.16369608788732096","0.16369608788732096","0.17039148084736233","0.17039148084736233","0.1735477240066571","0.1735477240066571","0.17616141305867064","0.17616141305867064","0.17864501767922075","0.17864501767922075","0.18109158484894194","0.4730402738950358","0.4730402738950358","0.4748965136050134","0.4748965136050134","0.47600151275348407","0.5928252795567259","0.5928252795567259","0.593572214342988","0.593572214342988","0.5939995559917903","0.5939995559917903","0.594376174091639","0.6387451480038632","0.6387451480038632","0.6390161383241596","0.6559895032868446"
"0.0","0.008888888888888889","-0.1172148148148148","-0.1172148148148148","-0.1045392844759653","-0.02156816145648214","-0.02156816145648214","-0.010220429047577419","0.10629819788560946","0.10629819788560946","0.11555579093235999","0.21403676143132083","0.21403676143132083","0.2215159316800275","0.30132750632069044","0.30132750632069044","0.30736442099052713","0.3718033667778747","0.3718033667778747","0.3766757383647344","0.4286854631106236","0.4286854631106236","0.4326179060038766","0.4745945326862099","0.4745945326862099","0.47776836617517626","0.5116472687309974","0.5116472687309974","0.5142088363432096","0.541552142578867","0.541552142578867","0.5436195568318856","0.5656880514730342","0.5656880514730342","0.5673566397510763","0.585167889443045","0.5865145894754193","0.5865145894754193","0.5865145894754193","0.5878390364011956","0.5878390364011956","0.5878390364011956","0.5891415979345944","0.5891415979345944","0.5891415979345944","0.5904226357136628","0.5904226357136628","0.5904226357136628","0.5916825054006773","0.1715188100688342","0.17970071975173552","0.17970071975173552","0.17970071975173552","0.18774743012968753","0.18774743012968753","0.18774743012968753","0.19566117525962404","0.19566117525962404","0.19566117525962404","0.2034441522825318","0.2034441522825318","0.2034441522825318","0.21109852203345605","0.21109852203345605","0.21109852203345605","0.21862640964142627","0.21862640964142627","0.21862640964142627","0.22602990511946858","0.20222466320517166","0.20222466320517166","0.20989918400665042","0.4329277203675411","0.4329277203675411","0.43679006354950767","0.43679006354950767","0.43838808537721247","0.43838808537721247","0.4396305107972318","0.4396305107972318","0.4407870187537264","0.4407870187537264","0.4419208548921961","0.5770477334596328","0.5770477334596328","0.5779072854700857","0.6322916605784548","0.6322916605784548","0.6327204435407171","0.6535552592217779","0.6535552592217779","0.6537410978011303","0.6616754994511631","0.6616754994511631","0.6617511764159718","0.6617511764159718","0.6617840501185666","0.6617840501185666","0.6618103098949017","0.6618103098949017"
"0.0","0.008888888888888889","-0.1172148148148148","-0.1172148148148148","-0.1045392844759653","-0.02156816145648214","-0.02156816145648214","-0.010220429047577419","0.10629819788560946","0.10629819788560946","0.11555579093235999","0.21403676143132083","0.21403676143132083","0.2215159316800275","0.2215159316800275","0.2288716638161186","0.30736442099052713","0.30736442099052713","0.3133015927361719","0.3766757383647344","0.3766757383647344","0.38146759901620064","0.4326179060038767","0.4326179060038767","0.4364853686037259","0.4777683661751764","0.4777683661751764","0.48088975469161044","0.5142088363432096","0.5142088363432096","0.5167280761652292","0.5436195568318856","0.5436195568318856","0.5456528087706607","0.5456528087706607","0.5456528087706607","0.5476524628992022","0.5689976559849195","0.5706115557798356","0.5706115557798356","0.5706115557798356","0.5721987872125982","0.5721987872125982","0.5721987872125982","0.5737597909558825","0.5737597909558825","0.5737597909558825","0.5752950004006112","0.16060310473290595","0.168965387437711","0.168965387437711","0.168965387437711","0.17718949032224235","0.17718949032224235","0.17718949032224235","0.1852776966939897","0.1852776966939897","0.1852776966939897","0.19323225213067088","0.19323225213067088","0.19323225213067088","0.20105536510368527","0.20105536510368527","0.20105536510368527","0.20874920759126497","-0.36640168849781907","-0.3493310865239031","-0.3493310865239031","-0.33254256215917444","-0.3414525382793743","-0.3414525382793743","-0.3247942004221911","0.159312209163265","0.159312209163265","0.16769582285197743","0.4676986219630835","0.4676986219630835","0.4709864046927388","0.5908830130853167","0.5908830130853167","0.5921352754162157","0.6378796220963956","0.6378796220963956","0.6383553042498638","0.6383553042498638","0.6385521149496071","0.6385521149496071","0.6387051307670719","0.6558694087100521","0.6558694087100521","0.6559761768392978","0.6625386580871291","0.6625386580871291","0.6625908890591968","0.6650928555256804","0.6650928555256804","0.6651153270259968","0.6651153270259968","0.6651254523121815","0.6651254523121815"
"0.0","0.008888888888888889","-0.1172148148148148","-0.1172148148148148","-0.1045392844759653","-0.02156816145648214","-0.02156816145648214","-0.010220429047577419","0.10629819788560946","0.10629819788560946","0.11555579093235999","0.21403676143132083","0.21403676143132083","0.2215159316800275","0.30132750632069044","0.30132750632069044","0.30736442099052713","0.3718033667778747","0.3718033667778747","0.3766757383647344","0.4286854631106236","0.4286854631106236","0.4326179060038766","0.4745945326862099","0.4745945326862099","0.47776836617517626","0.5116472687309974","0.5116472687309974","0.5142088363432096","0.541552142578867","0.541552142578867","0.5436195568318856","0.5436195568318856","0.5456528087706607","0.5673566397510763","0.5689976559849195","0.15640844815586724","0.16484004409874192","0.16484004409874192","0.16484004409874192","0.17313231487728845","0.17313231487728845","0.17313231487728845","0.18128756272486157","0.18128756272486157","0.18128756272486157","0.1893080518323101","0.1893080518323101","0.1893080518323101","0.19719600897659773","-0.3703644004291672","-0.3532283179110267","-0.3532283179110267","-0.3532283179110267","-0.33637539501402547","-0.33637539501402547","-0.33637539501402547","-0.3198009527591169","-0.3198009527591169","-0.3198009527591169","-0.30350038948352154","-0.30350038948352154","-0.30350038948352154","-0.2874691795631395","-0.2874691795631395","-0.2874691795631395","-0.2717028721560743","-0.2717028721560743","-0.25619708996691837","-0.26714294534557836","-0.26714294534557836","-0.2517125121836412","-0.2517125121836412","-0.24532826100708954","0.1999768485053377","0.1999768485053377","0.20510052920367455","0.20510052920367455","0.207865117147224","0.48371640344695754","0.48371640344695754","0.48559680851468146","0.48559680851468146","0.4866602143234054","0.4866602143234054","0.4875942171848187","0.4875942171848187","0.4884966757189646","0.4884966757189646","0.48938899904901156","0.5980100264162764","0.5980100264162764","0.5986679794659823","0.5986679794659823","0.599059757753853","0.6405541378720341","0.6405541378720341","0.6408182662536267","0.6566853892422924","0.6566853892422924"
"0.0","0.008888888888888889","-0.1172148148148148","-0.1172148148148148","-0.1045392844759653","-0.02156816145648214","-0.02156816145648214","-0.010220429047577419","0.10629819788560946","0.10629819788560946","0.11555579093235999","0.21403676143132083","0.21403676143132083","0.2215159316800275","0.30132750632069044","0.30132750632069044","0.30736442099052713","0.3718033667778747","0.3718033667778747","0.3766757383647344","0.3766757383647344","0.38146759901620064","0.4326179060038767","0.4326179060038767","0.4364853686037259","0.4777683661751764","0.4777683661751764","0.48088975469161044","0.5142088363432096","0.5142088363432096","0.5167280761652292","0.5436195568318856","0.5436195568318856","0.5456528087706607","0.5673566397510764","0.5689976559849195","0.15640844815586732","0.16484004409874198","0.16484004409874198","0.16484004409874198","0.17313231487728847","0.17313231487728847","0.17313231487728847","0.1812875627248616","0.1812875627248616","0.1812875627248616","0.18930805183231014","0.18930805183231014","0.18930805183231014","0.19719600897659775","0.19719600897659775","0.19719600897659775","0.20495362413903653","-0.36770356205978466","-0.3506114476996983","-0.5742197489118325","-0.5537151250025975","-0.6341745017918125","-0.6126791750721176","-0.6126791750721176","-0.6126791750721176","-0.5915390408862921","-0.5915390408862921","-0.5915390408862921","-0.5707482299708555","-0.5707482299708555","-0.5707482299708555","-0.5503009700470626","-0.553404055290252","-0.553404055290252","-0.5332433935388439","0.05264372551322623","0.05264372551322623","0.06278994786035708","0.42586668511998976","0.42586668511998976","0.42984570608192324","0.5749499168181408","0.5749499168181408","0.5764654604152111","0.5764654604152111","0.5770925076854444","0.6320694954120458","0.6320694954120458","0.6324493298367024","0.6324493298367024","0.6326542773603236","0.6326542773603236","0.6328316529563324","0.6328316529563324","0.6330023574588652","0.6536673009754159","0.6536673009754159","0.6537922125143751","0.6616953456088175","0.6616953456088175","0.6617574097774882","0.6617574097774882","0.6617879473715302","0.664782809518436"
"0.0","0.008888888888888889","-0.1172148148148148","-0.1172148148148148","-0.1045392844759653","-0.02156816145648214","-0.02156816145648214","-0.010220429047577419","0.10629819788560946","0.10629819788560946","0.11555579093235999","0.21403676143132083","0.21403676143132083","0.2215159316800275","0.30132750632069044","0.30132750632069044","0.30736442099052713","0.3718033667778747","0.3718033667778747","0.3766757383647344","0.4286854631106236","0.4286854631106236","0.4326179060038766","0.4745945326862099","0.4745945326862099","0.47776836617517626","0.47776836617517626","0.48088975469161044","0.5142088363432096","0.5142088363432096","0.5167280761652292","0.5436195568318856","0.5436195568318856","0.5456528087706607","0.5673566397510764","0.5689976559849195","0.15640844815586732","0.16484004409874198","0.16484004409874198","0.16484004409874198","0.17313231487728847","-0.3786181742021363","-0.36134570488426787","-0.36134570488426787","-0.36134570488426787","-0.34435864886684364","-0.34435864886684364","-0.34435864886684364","-0.3276522899306265","-0.3276522899306265","-0.3276522899306265","-0.31122198978800986","-0.31122198978800986","-0.31122198978800986","-0.2950631867952618","-0.2950631867952618","-0.2950631867952618","-0.2791713946860483","-0.2791713946860483","-0.2791713946860483","-0.26354220132588413","-0.26354220132588413","-0.26354220132588413","-0.24817126748716492","-0.24817126748716492","-0.24817126748716492","-0.2330543256444414","-0.2330543256444414","-0.2181871787896002","-0.2181871787896002","-0.21203598401730317","-0.22415946888795285","-0.22415946888795285","-0.21437929263663086","0.21581418266456548","0.21581418266456548","0.22181579523349687","0.22181579523349687","0.2246449866982067","0.49040749146608076","0.49040749146608076","0.49226624412376","0.5991243347364607","0.5991243347364607","0.6000057335773954","0.6000057335773954","0.6004266977639652","0.6004266977639652","0.6007770966328188","0.6412174437626341","0.6412174437626341","0.6414663545315067","0.6414663545315067","0.6416123338390367","0.6416123338390367","0.6417418847752504","0.6570420415902638","0.6570420415902638","0.6571353717470112","0.662986267747834"
"0.0","0.008888888888888889","-0.1172148148148148","-0.1172148148148148","-0.1045392844759653","-0.02156816145648214","-0.02156816145648214","-0.010220429047577419","0.10629819788560946","0.10629819788560946","0.11555579093235999","0.21403676143132083","0.21403676143132083","0.2215159316800275","0.30132750632069044","0.30132750632069044","0.30736442099052713","0.3718033667778747","0.3718033667778747","0.3766757383647344","0.4286854631106236","0.4286854631106236","0.4326179060038766","0.4745945326862099","0.4745945326862099","0.47776836617517626","0.5116472687309974","0.5116472687309974","0.5142088363432096","0.541552142578867","0.541552142578867","0.5436195568318856","0.5656880514730342","0.5656880514730342","0.5673566397510763","0.585167889443045","0.5865145894754193","0.5865145894754193","0.5865145894754193","0.5878390364011956","0.5878390364011956","0.5878390364011956","0.5891415979345944","0.5891415979345944","0.5891415979345944","0.5904226357136628","0.5904226357136628","0.5904226357136628","0.5916825054006773","0.5916825054006773","0.5916825054006773","0.592921556780889","0.17234414130032083","0.18051241306577073","0.18051241306577073","0.18051241306577073","0.18854571088160182","0.18854571088160182","0.18854571088160182","0.19644626508093704","0.19644626508093704","0.19644626508093704","0.2042162691424852","-0.3679564725665566","-0.35086017906907385","-0.57429250343997","-0.553786677322202","-0.553786677322202","-0.5336196930574952","-0.5336196930574952","-0.5252757216557689","-0.5252757216557689","-0.5187884747398062","-0.5227318931911892","-0.5227318931911892","-0.5109705867859948","-0.5109705867859948","-0.5041285957934073","0.06754247029054612","0.06754247029054612","0.07362330800836323","0.4301865617479297","0.4301865617479297","0.4332159536732905","0.5762551566689622","0.5762551566689622","0.5775544037493634","0.6322478983957522","0.6322478983957522","0.6327736868966515","0.653579000566734","0.653579000566734","0.6537858013958933","0.6537858013958933","0.6538735079678681","0.6538735079678681","0.6539426884071236","0.6617534501284709","0.6617534501284709","0.6618019127856807"
"0.0","0.008888888888888889","-0.1172148148148148","-0.1172148148148148","-0.1045392844759653","-0.02156816145648214","-0.02156816145648214","-0.010220429047577419","0.10629819788560946","0.10629819788560946","0.11555579093235999","0.21403676143132083","0.21403676143132083","0.2215159316800275","0.30132750632069044","0.30132750632069044","0.30736442099052713","0.30736442099052713","0.3133015927361719","0.3766757383647344","0.3766757383647344","0.38146759901620064","0.4326179060038767","0.4326179060038767","0.4364853686037259","0.4777683661751764","0.4777683661751764","0.48088975469161044","0.5142088363432096","0.5142088363432096","0.5167280761652292","0.5436195568318856","0.5436195568318856","0.5456528087706607","0.5673566397510764","0.5689976559849195","0.15640844815586732","0.16484004409874198","0.16484004409874198","0.16484004409874198","0.17313231487728847","0.17313231487728847","0.17313231487728847","0.1812875627248616","0.1812875627248616","0.1812875627248616","0.18930805183231014","0.18930805183231014","0.18930805183231014","0.19719600897659775","0.19719600897659775","0.19719600897659775","0.20495362413903653","0.20495362413903653","0.20495362413903653","0.21258305111330483","0.21258305111330483","0.21258305111330483","0.22008640810341798","0.22008640810341798","0.22008640810341798","0.22746577831181808","0.22746577831181808","0.22746577831181808","0.2347232105177462","0.2347232105177462","0.2347232105177462","0.2418607196460573","0.2418607196460573","0.24481382216572423","0.24481382216572423","0.2471097918294346","0.2471097918294346","0.24924698826888758","0.24924698826888758","0.2513422877819197","0.2513422877819197","0.2534206110596324","0.2534206110596324","0.2554871940790019","0.2554871940790019","0.2575431645648173","0.2575431645648173","0.2595887972331992","0.2595887972331992","0.261624189722472","0.261624189722472","0.26364940275852544","0.2388409742405203","0.2388409742405203","0.24293846022583793","0.44983471550867016","0.44983471550867016","0.4525376167877203","0.4525376167877203","0.45386891617821484","0.45386891617821484","0.45498975361603156","0.45498975361603156","0.456060051889977"
"0.0","0.008888888888888889","-0.1172148148148148","-0.1172148148148148","-0.1045392844759653","-0.02156816145648214","-0.02156816145648214","-0.010220429047577419","0.10629819788560946","0.10629819788560946","0.11555579093235999","0.21403676143132083","0.21403676143132083","0.2215159316800275","0.30132750632069044","0.30132750632069044","0.30736442099052713","0.3718033667778747","0.3718033667778747","0.3766757383647344","0.4286854631106236","0.4286854631106236","0.4326179060038766","0.4745945326862099","0.4745945326862099","0.47776836617517626","0.5116472687309974","0.5116472687309974","0.5142088363432096","0.541552142578867","0.541552142578867","0.5436195568318856","0.5656880514730342","0.5656880514730342","0.5673566397510763","0.585167889443045","0.5865145894754193","0.5865145894754193","0.5865145894754193","0.5878390364011956","0.5878390364011956","0.5878390364011956","0.5891415979345944","0.16982631343667887","0.1780361902296027","0.1780361902296027","0.1780361902296027","0.1861104055841655","0.1861104055841655","0.1861104055841655","0.19405120119367428","0.19405120119367428","0.19405120119367428","0.20186078170930424","0.20186078170930424","0.20186078170930424","0.20954131535218945","-0.3661299979377767","-0.3490638854261382","-0.3490638854261382","-0.3490638854261382","-0.33227977633902805","-0.33227977633902805","-0.33227977633902805","-0.3157730108025944","-0.3157730108025944","-0.3157730108025944","-0.299539005943555","-0.299539005943555","-0.29282228169260355","-0.3027914652919119","-0.3027914652919119","-0.29214800634924265","0.17601805468197385","0.17601805468197385","0.18254942132872465","0.18254942132872465","0.18562834162850134","0.47484933676296537","0.47484933676296537","0.47687215895841534","0.5931624660962412","0.5931624660962412","0.5941216647992643","0.6386468461981378","0.6386468461981378","0.6390534159417461","0.6560038979200484","0.6560038979200484","0.6561676488978286","0.6561676488978286","0.6562382480443185","0.6562382480443185","0.6562944264563177","0.6562944264563177","0.6563471377364631","0.6626819003324238","0.6626819003324238","0.6627202925976166","0.665142823102438"
"0.0","0.008888888888888889","-0.1172148148148148","-0.1172148148148148","-0.1045392844759653","-0.02156816145648214","-0.02156816145648214","-0.010220429047577419","0.10629819788560946","0.10629819788560946","0.11555579093235999","0.21403676143132083","0.21403676143132083","0.2215159316800275","0.30132750632069044","0.30132750632069044","0.30736442099052713","0.3718033667778747","0.3718033667778747","0.3766757383647344","0.4286854631106236","0.4286854631106236","0.4326179060038766","0.4745945326862099","0.4745945326862099","0.47776836617517626","0.47776836617517626","0.48088975469161044","0.5142088363432096","0.5142088363432096","0.5167280761652292","0.5436195568318856","0.5436195568318856","0.5456528087706607","0.5673566397510764","0.5689976559849195","0.15640844815586732","0.16484004409874198","0.16484004409874198","0.16484004409874198","0.17313231487728847","0.17313231487728847","0.17313231487728847","0.1812875627248616","0.1812875627248616","0.1812875627248616","0.18930805183231014","0.18930805183231014","0.18930805183231014","0.19719600897659775","0.19719600897659775","0.19719600897659775","0.20495362413903653","0.20495362413903653","0.20495362413903653","0.21258305111330483","0.21258305111330483","0.21258305111330483","0.22008640810341798","0.22008640810341798","0.22008640810341798","0.22746577831181808","0.22746577831181808","0.22746577831181808","0.2347232105177462","0.2347232105177462","0.2347232105177462","0.2418607196460573","0.21763332267771798","0.21763332267771798","0.2250532280982372","0.4406824105164773","0.4406824105164773","0.44441661384370734","0.5780429344514127","0.5780429344514127","0.5795073684847722","0.6329113456486972","0.6329113456486972","0.6334691244701265","0.6334691244701265","0.633699902184504","0.633699902184504","0.6338793265789306","0.6540028668286275","0.6540028668286275","0.654128092161141","0.654128092161141","0.6542009404118014","0.6618530662094659","0.6618530662094659","0.6619019220617178","0.6648268158341838","0.6648268158341838","0.6648503849596191","0.6659653319371951","0.6659653319371951","0.6659754103785316","0.6663997466427977","0.6663997466427977"
"0.0","0.008888888888888889","-0.1172148148148148","-0.1172148148148148","-0.1045392844759653","-0.02156816145648214","-0.02156816145648214","-0.010220429047577419","0.10629819788560946","0.10629819788560946","0.11555579093235999","0.21403676143132083","0.21403676143132083","0.2215159316800275","0.30132750632069044","0.30132750632069044","0.30736442099052713","0.3718033667778747","0.3718033667778747","0.3766757383647344","0.4286854631106236","0.4286854631106236","0.4326179060038766","0.4326179060038766","0.43648536860372583","0.47776836617517626","0.47776836617517626","0.48088975469161044","0.5142088363432096","0.5142088363432096","0.5167280761652292","0.5436195568318856","0.5436195568318856","0.5456528087706607","0.5673566397510764","0.5689976559849195","0.15640844815586732","0.16484004409874198","0.16484004409874198","0.16484004409874198","0.17313231487728847","-0.3786181742021363","-0.36134570488426787","-0.36134570488426787","-0.36134570488426787","-0.34435864886684364","-0.34435864886684364","-0.34435864886684364","-0.3276522899306265","-0.3276522899306265","-0.3276522899306265","-0.31122198978800986","-0.31122198978800986","-0.31122198978800986","-0.2950631867952618","-0.2950631867952618","-0.2950631867952618","-0.2791713946860483","-0.2791713946860483","-0.2791713946860483","-0.26354220132588413","-0.26354220132588413","-0.26354220132588413","-0.24817126748716492","-0.24817126748716492","-0.24817126748716492","-0.2330543256444414","-0.2330543256444414","-0.2181871787896002","-0.2181871787896002","-0.21203598401730317","-0.21203598401730317","-0.20725357077607212","-0.20725357077607212","-0.20280187582874676","-0.20280187582874676","-0.1984374505082153","-0.21092356293910733","-0.21092356293910733","-0.2025064303174894","-0.2025064303174894","-0.19749755426951826","0.22445297567725347","0.22445297567725347","0.22892636399255162","0.4921147200135077","0.4921147200135077","0.49434724591206225","0.5999302715081922","0.5999302715081922","0.600888506965891","0.600888506965891","0.6013187690786412","0.6414266596189167","0.6414266596189167","0.641696158722778","0.641696158722778","0.6418444543989221","0.6570816485234907","0.6570816485234907"
"0.0","0.0","0.0","0.0","0.0","0.0","0.0","0.0","0.0","0.0"
"0.0","0.008888888888888889","-0.1172148148148148","-0.1045392844759653","-0.1045392844759653","-0.1045392844759653","-0.09182351013832092","-0.09182351013832092","-0.09182351013832092","-0.07929283830717274"
"0.0","0.008888888888888889","-0.1172148148148148","-0.1045392844759653","-0.1045392844759653","-0.1045392844759653","-0.09182351013832092","-0.09182351013832092","-0.09182351013832092","-0.07929283830717274"
"0.0","0.008888888888888889","-0.1172148148148148","-0.1045392844759653","-0.1045392844759653","-0.1045392844759653","-0.09182351013832092","-0.09182351013832092","-0.09182351013832092","-0.07929283830717274"
"0.0","0.008888888888888889","-0.1172148148148148","-0.1045392844759653","-0.1045392844759653","-0.1045392844759653","-0.09182351013832092","-0.09182351013832092","-0.09182351013832092","-0.07929283830717274"
"0.0","0.008888888888888889","-0.1172148148148148","-0.1172148148148148","-0.1045392844759653","-0.02156816145648214","-0.02156816145648214","-0.010220429047577419","0.10629819788560946","0.10629819788560946","0.11555579093235999","0.21403676143132083","0.21403676143132083","0.2215159316800275","0.30132750632069044","0.30132750632069044","0.30736442099052713","0.3718033667778747","0.3718033667778747","0.3766757383647344","0.4286854631106236","0.4286854631106236","0.4326179060038766","0.4745945326862099","0.4745945326862099","0.47776836617517626","0.5116472687309974","0.5116472687309974","0.5142088363432096","0.541552142578867","0.541552142578867","0.5436195568318856","0.5656880514730342","0.5656880514730342","0.5673566397510763","0.585167889443045","0.5865145894754193","0.5865145894754193","0.5865145894754193","0.5878390364011956","0.5878390364011956","0.5878390364011956","0.5891415979345944","0.5891415979345944","0.5891415979345944","0.5904226357136628","0.5904226357136628","0.5904226357136628","0.5916825054006773","0.5916825054006773","0.5916825054006773","0.592921556780889","0.592921556780889","0.592921556780889","0.5941401338596365","0.5941401338596365","0.5941401338596365","0.5953385749578539","0.5953385749578539","0.5953385749578539","0.5965172128060012","0.5965172128060012","0.5965172128060012","0.5976763746364421","0.5976763746364421","0.5976763746364421","0.5988163822742956","0.5988163822742956","0.599937552226786","0.599937552226786","0.6004014297157185","0.6004014297157185","0.6007620838532484","0.6007620838532484","0.6010977976698486","0.5672907452875415","0.5672907452875415","0.5682490417783754","0.6163039924134859","0.6163039924134859","0.6169337766909506","0.6468353358412495","0.6468353358412495","0.647116783670964","0.647116783670964","0.6472440818931664","0.6472440818931664","0.6473477217853256","0.6473477217853256","0.6474456882461039","0.6592227070387272","0.6592227070387272","0.6592943707466312","0.6638191871325447","0.6638191871325447","0.6638547672781379","0.6638547672781379","0.6638722634882948","0.6655876167868601","0.6655876167868601"
"0.0","0.008888888888888889","-0.1172148148148148","-0.1172148148148148","-0.1045392844759653","-0.02156816145648214","-0.02156816145648214","-0.010220429047577419","0.10629819788560946","0.10629819788560946","0.11555579093235999","0.21403676143132083","0.21403676143132083","0.2215159316800275","0.30132750632069044","0.30132750632069044","0.30736442099052713","0.3718033667778747","0.3718033667778747","0.3766757383647344","0.4286854631106236","0.4286854631106236","0.4326179060038766","0.4745945326862099","0.4745945326862099","0.47776836617517626","0.5116472687309974","0.5116472687309974","0.5142088363432096","0.541552142578867","0.541552142578867","0.5436195568318856","0.5656880514730342","0.5656880514730342","0.5673566397510763","0.585167889443045","0.5865145894754193","0.5865145894754193","0.5865145894754193","0.5878390364011956","0.5878390364011956","0.5878390364011956","0.5891415979345944","0.5891415979345944","0.5891415979345944","0.5904226357136628","0.5904226357136628","0.5904226357136628","0.5916825054006773","0.5916825054006773","0.5916825054006773","0.592921556780889","0.592921556780889","0.592921556780889","0.5941401338596365","0.5941401338596365","0.5941401338596365","0.5953385749578539","0.5953385749578539","0.5953385749578539","0.5965172128060012","0.5965172128060012","0.5965172128060012","0.5976763746364421","0.5976763746364421","0.5976763746364421","0.5988163822742956","0.5988163822742956","0.599937552226786","0.5661614397229606","0.5661614397229606","0.5678222056508657","0.5678222056508657","0.5685093378083322","0.5685093378083322","0.5690435673442173","0.6167105703237306","0.6167105703237306","0.6172045586096815","0.6172045586096815","0.6174919300365007","0.6470579033142503","0.6470579033142503","0.6472569233313258","0.6591496015820728","0.6591496015820728","0.6592458977854152","0.6592458977854152","0.6592924602403318","0.6592924602403318","0.6593313992815805","0.6593313992815805","0.6593685092456402","0.6638478224262048","0.6638478224262048","0.6638749362629724","0.6638749362629724","0.6638910365848059","0.6638910365848059","0.6639053729911515"
"0.0","0.008888888888888889","-0.1172148148148148","-0.1172148148148148","-0.1045392844759653","-0.02156816145648214","-0.02156816145648214","-0.010220429047577419","0.10629819788560946","0.10629819788560946","0.11555579093235999","0.21403676143132083","0.21403676143132083","0.2215159316800275","0.30132750632069044","0.30132750632069044","0.30736442099052713","0.3718033667778747","0.3718033667778747","0.3766757383647344","0.4286854631106236","0.4286854631106236","0.4326179060038766","0.4745945326862099","0.4745945326862099","0.47776836617517626","0.5116472687309974","0.5116472687309974","0.5142088363432096","0.541552142578867","0.541552142578867","0.5436195568318856","0.5656880514730342","0.5656880514730342","0.5673566397510763","0.585167889443045","0.5865145894754193","0.5865145894754193","0.5865145894754193","0.5878390364011956","0.5878390364011956","0.5878390364011956","0.5891415979345944","0.5891415979345944","0.5891415979345944","0.5904226357136628","0.5904226357136628","0.5904226357136628","0.5916825054006773","0.5916825054006773","0.5916825054006773","0.592921556780889","0.592921556780889","0.592921556780889","0.5941401338596365","0.5941401338596365","0.5941401338596365","0.5953385749578539","0.5953385749578539","0.5953385749578539","0.5965172128060012","0.5965172128060012","0.5965172128060012","0.5976763746364421","0.5976763746364421","0.5976763746364421","0.5988163822742956","0.5988163822742956","0.599937552226786","0.5661614397229606","0.5661614397229606","0.5678222056508657","0.6160855700640981","0.6160855700640981","0.6169213809406875","0.6169213809406875","0.6172671927864237","0.6469682877950786","0.6469682877950786","0.6471845517881748","0.6471845517881748","0.6473012415007346","0.6591667652590015","0.6591667652590015","0.6592438509781813","0.663799674350056","0.663799674350056","0.6638366242691777","0.6655738548160026","0.6655738548160026","0.6655896085106561","0.6655896085106561","0.6655966647144059","0.6662534978305908","0.6662534978305908","0.6662579125161607","0.6665088313042044","0.6665088313042044","0.6665109042920689","0.6665109042920689"
"0.0","0.008888888888888889","-0.1172148148148148","-0.1172148148148148","-0.1045392844759653","-0.02156816145648214","-0.02156816145648214","-0.010220429047577419","0.10629819788560946","0.10629819788560946","0.11555579093235999","0.21403676143132083","0.21403676143132083","0.2215159316800275","0.30132750632069044","0.30132750632069044","0.30736442099052713","0.3718033667778747","0.3718033667778747","0.3766757383647344","0.4286854631106236","0.4286854631106236","0.4326179060038766","0.4745945326862099","0.4745945326862099","0.47776836617517626","0.5116472687309974","0.5116472687309974","0.5142088363432096","0.541552142578867","0.541552142578867","0.5436195568318856","0.5656880514730342","0.5656880514730342","0.5673566397510763","0.585167889443045","0.5865145894754193","0.5865145894754193","0.5865145894754193","0.5878390364011956","0.5878390364011956","0.5878390364011956","0.5891415979345944","0.5891415979345944","0.5891415979345944","0.5904226357136628","0.5904226357136628","0.5904226357136628","0.5916825054006773","0.5916825054006773","0.5916825054006773","0.592921556780889","0.592921556780889","0.592921556780889","0.5941401338596365","0.5941401338596365","0.5941401338596365","0.5953385749578539","0.5953385749578539","0.5953385749578539","0.5965172128060012","0.5965172128060012","0.5965172128060012","0.5976763746364421","0.5976763746364421","0.5976763746364421","0.5988163822742956","0.5988163822742956","0.599937552226786","0.5661614397229606","0.5661614397229606","0.5678222056508657","0.6160855700640981","0.6160855700640981","0.6169213809406875","0.6169213809406875","0.6172671927864237","0.6172671927864237","0.6175360535868444","0.6470754978824421","0.6470754978824421","0.6472692241460208","0.6472692241460208","0.6473819219454633","0.6591980114297313","0.6591980114297313","0.6592738148787338","0.6638112476230922","0.6638112476230922","0.6638478265285231","0.6638478265285231","0.6638655136602678","0.6655850103622833","0.6655850103622833","0.6655963501921988","0.6655963501921988","0.6656026721899134","0.6662558175475389","0.6662558175475389","0.666260015913062"
"0.0","0.008888888888888889","-0.1172148148148148","-0.1172148148148148","-0.1045392844759653","-0.02156816145648214","-0.02156816145648214","-0.010220429047577419","0.10629819788560946","0.10629819788560946","0.11555579093235999","0.21403676143132083","0.21403676143132083","0.2215159316800275","0.30132750632069044","0.30132750632069044","0.30736442099052713","0.3718033667778747","0.3718033667778747","0.3766757383647344","0.4286854631106236","0.4286854631106236","0.4326179060038766","0.4745945326862099","0.4745945326862099","0.47776836617517626","0.5116472687309974","0.5116472687309974","0.5142088363432096","0.541552142578867","0.541552142578867","0.5436195568318856","0.5656880514730342","0.5656880514730342","0.5673566397510763","0.585167889443045","0.5865145894754193","0.5865145894754193","0.5865145894754193","0.5878390364011956","0.5878390364011956","0.5878390364011956","0.5891415979345944","0.5891415979345944","0.5891415979345944","0.5904226357136628","0.5904226357136628","0.5904226357136628","0.5916825054006773","0.5916825054006773","0.5916825054006773","0.592921556780889","0.592921556780889","0.592921556780889","0.5941401338596365","0.5941401338596365","0.5941401338596365","0.5953385749578539","0.5953385749578539","0.5953385749578539","0.5965172128060012","0.5965172128060012","0.5965172128060012","0.5976763746364421","0.5976763746364421","0.5976763746364421","0.5988163822742956","0.5988163822742956","0.599937552226786","0.599937552226786","0.6004014297157185","0.5666129471455217","0.5666129471455217","0.567711414032001","0.567711414032001","0.5683041145708412","0.5683041145708412","0.5688170781308483","0.6165946703262686","0.6165946703262686","0.6170817742161723","0.6170817742161723","0.6173685936012641","0.6173685936012641","0.6176234124087897","0.6471103328115878","0.6471103328115878","0.6472999454110668","0.6591662633054094","0.6591662633054094","0.6592602932464592","0.6638060250205832","0.6638060250205832","0.6638466763673733","0.6655777364016785","0.6655777364016785","0.6655942701792946","0.6662525732086471","0.6662525732086471","0.666259094136355"
"0.0","0.008888888888888889","-0.1172148148148148","-0.1172148148148148","-0.1045392844759653","-0.02156816145648214","-0.02156816145648214","-0.010220429047577419","0.10629819788560946","0.10629819788560946","0.11555579093235999","0.21403676143132083","0.21403676143132083","0.2215159316800275","0.30132750632069044","0.30132750632069044","0.30736442099052713","0.3718033667778747","0.3718033667778747","0.3766757383647344","0.4286854631106236","0.4286854631106236","0.4326179060038766","0.4745945326862099","0.4745945326862099","0.47776836617517626","0.5116472687309974","0.5116472687309974","0.5142088363432096","0.541552142578867","0.541552142578867","0.5436195568318856","0.5656880514730342","0.5656880514730342","0.5673566397510763","0.585167889443045","0.5865145894754193","0.5865145894754193","0.5865145894754193","0.5878390364011956","0.5878390364011956","0.5878390364011956","0.5891415979345944","0.5891415979345944","0.5891415979345944","0.5904226357136628","0.5904226357136628","0.5904226357136628","0.5916825054006773","0.5916825054006773","0.5916825054006773","0.592921556780889","0.592921556780889","0.592921556780889","0.5941401338596365","0.5941401338596365","0.5941401338596365","0.5953385749578539","0.5953385749578539","0.5953385749578539","0.5965172128060012","0.5965172128060012","0.5965172128060012","0.5976763746364421","0.5976763746364421","0.5976763746364421","0.5988163822742956","0.5988163822742956","0.599937552226786","0.599937552226786","0.6004014297157185","0.6004014297157185","0.6007620838532484","0.6007620838532484","0.6010977976698486","0.6010977976698486","0.6014269302584376","0.5676111010071015","0.5676111010071015","0.5685611615307249","0.5685611615307249","0.5691265245367297","0.6167530215215541","0.6167530215215541","0.6172579428333897","0.6469645993128927","0.6469645993128927","0.6472165894881141","0.6591339809672456","0.6591339809672456","0.6592421391395854","0.6592421391395854","0.6592907037834506","0.6638177708027172","0.6638177708027172","0.6638481897673743","0.6638481897673743","0.6638649282309416","0.6638649282309416","0.6638795072247982"
"0.0","0.008888888888888889","-0.1172148148148148","-0.1172148148148148","-0.1045392844759653","-0.02156816145648214","-0.02156816145648214","-0.010220429047577419","0.10629819788560946","0.10629819788560946","0.11555579093235999","0.21403676143132083","0.21403676143132083","0.2215159316800275","0.30132750632069044","0.30132750632069044","0.30736442099052713","0.3718033667778747","0.3718033667778747","0.3766757383647344","0.4286854631106236","0.4286854631106236","0.4326179060038766","0.4745945326862099","0.4745945326862099","0.47776836617517626","0.5116472687309974","0.5116472687309974","0.5142088363432096","0.541552142578867","0.541552142578867","0.5436195568318856","0.5656880514730342","0.5656880514730342","0.5673566397510763","0.585167889443045","0.5865145894754193","0.5865145894754193","0.5865145894754193","0.5878390364011956","0.5878390364011956","0.5878390364011956","0.5891415979345944","0.5891415979345944","0.5891415979345944","0.5904226357136628","0.5904226357136628","0.5904226357136628","0.5916825054006773","0.5916825054006773","0.5916825054006773","0.592921556780889","0.592921556780889","0.592921556780889","0.5941401338596365","0.5941401338596365","0.5941401338596365","0.5953385749578539","0.5953385749578539","0.5953385749578539","0.5965172128060012","0.5965172128060012","0.5965172128060012","0.5976763746364421","0.5976763746364421","0.5976763746364421","0.5988163822742956","0.5988163822742956","0.599937552226786","0.5661614397229606","0.5661614397229606","0.5678222056508657","0.5678222056508657","0.5685093378083322","0.6164371921750225","0.6164371921750225","0.6169886500790204","0.6169886500790204","0.6172862006022727","0.6172862006022727","0.6175437211639853","0.6470785553813927","0.6470785553813927","0.64726910990089","0.6591543212342078","0.6591543212342078","0.6592486473614309","0.6638015269076974","0.6638015269076974","0.6638422747896284","0.6638422747896284","0.6638606806717667","0.6638606806717667","0.6638756570857298","0.6638756570857298","0.6638898110612007","0.6638898110612007","0.6639037366951184","0.6655997700653501","0.6655997700653501"
"0.0","0.008888888888888889","-0.1172148148148148","-0.1172148148148148","-0.1045392844759653","-0.02156816145648214","-0.02156816145648214","-0.010220429047577419","0.10629819788560946","0.10629819788560946","0.11555579093235999","0.21403676143132083","0.21403676143132083","0.2215159316800275","0.30132750632069044","0.30132750632069044","0.30736442099052713","0.3718033667778747","0.3718033667778747","0.3766757383647344","0.4286854631106236","0.4286854631106236","0.4326179060038766","0.4745945326862099","0.4745945326862099","0.47776836617517626","0.5116472687309974","0.5116472687309974","0.5142088363432096","0.541552142578867","0.541552142578867","0.5436195568318856","0.5656880514730342","0.5656880514730342","0.5673566397510763","0.585167889443045","0.5865145894754193","0.5865145894754193","0.5865145894754193","0.5878390364011956","0.5878390364011956","0.5878390364011956","0.5891415979345944","0.5891415979345944","0.5891415979345944","0.5904226357136628","0.5904226357136628","0.5904226357136628","0.5916825054006773","0.5916825054006773","0.5916825054006773","0.592921556780889","0.592921556780889","0.592921556780889","0.5941401338596365","0.5941401338596365","0.5941401338596365","0.5953385749578539","0.5953385749578539","0.5953385749578539","0.5965172128060012","0.5965172128060012","0.5965172128060012","0.5976763746364421","0.5976763746364421","0.5976763746364421","0.5988163822742956","0.5988163822742956","0.599937552226786","0.5661614397229606","0.5661614397229606","0.5678222056508657","0.6160855700640981","0.6160855700640981","0.6169213809406875","0.6468303929508521","0.6468303929508521","0.647158171003055","0.647158171003055","0.647293787248786","0.647293787248786","0.6473992257779365","0.6592047129111815","0.6592047129111815","0.6592785000566024","0.6638130572287075","0.6638130572287075","0.6638491634508663","0.6638491634508663","0.6638667680502662","0.6655854947409827","0.6655854947409827","0.6655968089006514","0.6662535535064362","0.6662535535064362","0.6662589242698828","0.6665092219803974","0.6665092219803974","0.6665115020214114","0.6665115020214114"
"0.0","0.008888888888888889","-0.1172148148148148","-0.1172148148148148","-0.1045392844759653","-0.02156816145648214","-0.02156816145648214","-0.010220429047577419","0.10629819788560946","0.10629819788560946","0.11555579093235999","0.21403676143132083","0.21403676143132083","0.2215159316800275","0.30132750632069044","0.30132750632069044","0.30736442099052713","0.3718033667778747","0.3718033667778747","0.3766757383647344","0.4286854631106236","0.4286854631106236","0.4326179060038766","0.4745945326862099","0.4745945326862099","0.47776836617517626","0.5116472687309974","0.5116472687309974","0.5142088363432096","0.541552142578867","0.541552142578867","0.5436195568318856","0.5656880514730342","0.5656880514730342","0.5673566397510763","0.585167889443045","0.5865145894754193","0.5865145894754193","0.5865145894754193","0.5878390364011956","0.5878390364011956","0.5878390364011956","0.5891415979345944","0.5891415979345944","0.5891415979345944","0.5904226357136628","0.5904226357136628","0.5904226357136628","0.5916825054006773","0.5916825054006773","0.5916825054006773","0.592921556780889","0.592921556780889","0.592921556780889","0.5941401338596365","0.5941401338596365","0.5941401338596365","0.5953385749578539","0.5953385749578539","0.5953385749578539","0.5965172128060012","0.5965172128060012","0.5965172128060012","0.5976763746364421","0.5976763746364421","0.5976763746364421","0.5988163822742956","0.5988163822742956","0.599937552226786","0.5661614397229606","0.5661614397229606","0.5678222056508657","0.6160855700640981","0.6160855700640981","0.6169213809406875","0.6169213809406875","0.6172671927864237","0.6469682877950786","0.6469682877950786","0.6471845517881748","0.6471845517881748","0.6473012415007346","0.6591667652590015","0.6591667652590015","0.6592438509781813","0.6592438509781813","0.6592874444586245","0.6638165119193465","0.6638165119193465","0.6638455680436699","0.6638455680436699","0.6638620976330842","0.6655836912742754","0.6655836912742754","0.6655947211880953","0.6662527473604614","0.6662527473604614","0.6662580586250402","0.6662580586250402","0.6662606239431953"
"0.0","0.008888888888888889","-0.1172148148148148","-0.1172148148148148","-0.1045392844759653","-0.02156816145648214","-0.02156816145648214","-0.010220429047577419","0.10629819788560946","0.10629819788560946","0.11555579093235999","0.21403676143132083","0.21403676143132083","0.2215159316800275","0.30132750632069044","0.30132750632069044","0.30736442099052713","0.3718033667778747","0.3718033667778747","0.3766757383647344","0.4286854631106236","0.4286854631106236","0.4326179060038766","0.4745945326862099","0.4745945326862099","0.47776836617517626","0.5116472687309974","0.5116472687309974","0.5142088363432096","0.541552142578867","0.541552142578867","0.5436195568318856","0.5656880514730342","0.5656880514730342","0.5673566397510763","0.585167889443045","0.5865145894754193","0.5865145894754193","0.5865145894754193","0.5878390364011956","0.5878390364011956","0.5878390364011956","0.5891415979345944","0.5891415979345944","0.5891415979345944","0.5904226357136628","0.5904226357136628","0.5904226357136628","0.5916825054006773","0.5916825054006773","0.5916825054006773","0.592921556780889","0.592921556780889","0.592921556780889","0.5941401338596365","0.5941401338596365","0.5941401338596365","0.5953385749578539","0.5953385749578539","0.5953385749578539","0.5965172128060012","0.5965172128060012","0.5965172128060012","0.5976763746364421","0.5976763746364421","0.5976763746364421","0.5988163822742956","0.5988163822742956","0.599937552226786","0.5661614397229606","0.5661614397229606","0.5678222056508657","0.5678222056508657","0.5685093378083322","0.5685093378083322","0.5690435673442173","0.6167105703237306","0.6167105703237306","0.6172045586096815","0.6469433119877094","0.6469433119877094","0.647192868152012","0.6591247940952562","0.6591247940952562","0.6592324799461573","0.6637952823965424","0.6637952823965424","0.6638389930622364","0.6655747695178914","0.6655747695178914","0.6655919890416551","0.6655919890416551","0.6655993001707221","0.6662545154814619","0.6662545154814619","0.6662589952861553","0.6662589952861553","0.6662614295114757","0.6662614295114757","0.6662635411341977"
"0.0","0.008888888888888889","-0.1172148148148148","-0.1172148148148148","-0.1045392844759653","-0.02156816145648214","-0.02156816145648214","-0.010220429047577419","0.10629819788560946","0.10629819788560946","0.11555579093235999","0.21403676143132083","0.21403676143132083","0.2215159316800275","0.30132750632069044","0.30132750632069044","0.30736442099052713","0.3718033667778747","0.3718033667778747","0.3766757383647344","0.4286854631106236","0.4286854631106236","0.4326179060038766","0.4745945326862099","0.4745945326862099","0.47776836617517626","0.5116472687309974","0.5116472687309974","0.5142088363432096","0.541552142578867","0.541552142578867","0.5436195568318856","0.5656880514730342","0.5656880514730342","0.5673566397510763","0.585167889443045","0.5865145894754193","0.5865145894754193","0.5865145894754193","0.5878390364011956","0.5878390364011956","0.5878390364011956","0.5891415979345944","0.5891415979345944","0.5891415979345944","0.5904226357136628","0.5904226357136628","0.5904226357136628","0.5916825054006773","0.5916825054006773","0.5916825054006773","0.592921556780889","0.592921556780889","0.592921556780889","0.5941401338596365","0.5941401338596365","0.5941401338596365","0.5953385749578539","0.5953385749578539","0.5953385749578539","0.5965172128060012","0.5965172128060012","0.5965172128060012","0.5976763746364421","0.5976763746364421","0.5976763746364421","0.5988163822742956","0.5988163822742956","0.599937552226786","0.5661614397229606","0.5661614397229606","0.5678222056508657","0.5678222056508657","0.5685093378083322","0.6164371921750225","0.6164371921750225","0.6169886500790204","0.6169886500790204","0.6172862006022727","0.6172862006022727","0.6175437211639853","0.6470785553813927","0.6470785553813927","0.64726910990089","0.64726910990089","0.6473813133368338","0.6591977757259098","0.6591977757259098","0.6592734454316188","0.6592734454316188","0.6593166884473696","0.6593166884473696","0.6593547860552466","0.6638425219737796","0.6638425219737796","0.6638699326539694","0.6655867167426152","0.6655867167426152","0.6656002622842883","0.6656002622842883"
